,Words,Frequency,Tags
0,i,1903,VB
1,the,1628,DT
2,you,1339,PRP
3,a,1064,DT
4,to,774,TO
5,my,769,PRP$
6,me,764,PRP
7,it,660,PRP
8,in,643,IN
9,and,639,CC
10,yeah,607,VB
11,i'm,556,NN
12,on,524,IN
13,that,502,DT
14,of,391,IN
15,got,375,VBD
16,up,373,IN
17,like,360,IN
18,with,351,IN
19,don't,320,NN
20,know,310,VB
21,out,281,RP
22,be,277,VB
23,but,274,CC
24,we,272,PRP
25,your,263,PRP$
26,just,263,RB
27,all,261,DT
28,get,253,VBP
29,they,252,PRP
30,for,244,IN
31,no,242,DT
32,this,237,DT
33,when,222,WRB
34,ain't,220,VBZ
35,one,219,CD
36,it's,208,NN
37,she,205,PRP
38,go,200,VBP
39,was,198,VBD
40,so,193,RB
41,now,177,RB
42,make,172,VBP
43,if,166,IN
44,down,149,RB
45,do,145,VBP
46,too,140,RB
47,love,137,VB
48,'em,135,PRP
49,never,135,RB
50,can't,134,VBP
51,can,134,MD
52,see,128,VB
53,off,124,RP
54,is,124,VBZ
55,wanna,124,JJ
56,oh,123,RB
57,at,122,IN
58,he,118,PRP
59,say,118,VBP
60,ayy,117,RB
61,from,114,IN
62,baby,114,NN
63,let,113,VB
64,been,112,VBN
65,time,112,NN
66,la,109,VBZ
67,what,107,WP
68,her,106,PRP$
69,need,104,NN
70,tell,100,NN
71,put,99,VBD
72,back,99,RP
73,them,94,PRP
74,way,94,NN
75,'cause,93,IN
76,come,92,VBN
77,ever,91,RB
78,how,90,WRB
79,ooh,89,NN
80,could,88,MD
81,right,87,VB
82,i'll,87,NN
83,not,86,RB
84,you're,86,NNP
85,want,85,VBP
86,gotta,85,NN
87,keep,84,VB
88,had,83,VBD
89,feel,81,VBN
90,ride,81,RB
91,these,79,DT
92,night,77,NN
93,by,73,IN
94,okay,73,NN
95,through,72,IN
96,only,71,JJ
97,heart,71,NN
98,that's,68,NN
99,still,68,RB
100,shit,67,VBN
101,said,67,VBD
102,there,66,EX
103,here,66,RB
104,then,65,RB
105,done,64,VBN
106,turn,64,NN
107,girl,63,NNS
108,take,62,VBP
109,did,62,VBD
110,better,61,JJR
111,woo,61,NN
112,gon',60,VBD
113,some,60,DT
114,why,60,WRB
115,walk,59,VBP
116,every,58,DT
117,woah,58,NN
118,day,57,NN
119,hard,57,JJ
120,s,57,NN
121,have,57,VBP
122,think,57,VBN
123,'bout,55,IN
124,lil',55,NN
125,over,55,IN
126,we're,54,NN
127,niggas,53,JJ
128,money,53,NN
129,even,52,RB
130,believe,51,VBP
131,made,51,VBN
132,hope,51,NN
133,might,50,MD
134,who,49,WP
135,rich,49,VB
136,tryna,48,RB
137,good,48,JJ
138,away,48,RB
139,about,48,IN
140,him,48,PRP
141,told,47,VBD
142,always,46,RB
143,came,46,VBD
144,i'ma,45,JJ
145,big,45,JJ
146,call,45,NN
147,won't,45,NN
148,hit,45,VBD
149,uh,44,JJ
150,run,44,NN
151,would,44,MD
152,more,44,VB
153,his,43,PRP$
154,dance,43,NN
155,high,43,JJ
156,new,43,JJ
157,or,43,CC
158,bring,42,VB
159,stay,42,NN
160,nobody,42,NN
161,leave,41,VBP
162,look,41,NN
163,left,40,VBD
164,as,40,IN
165,world,40,NN
166,thing,40,NN
167,two,39,CD
168,life,39,NN
169,alone,39,RB
170,diamonds,38,VBZ
171,rhythm,38,JJ
172,give,37,VB
173,where,37,WRB
174,went,37,VBD
175,bad,37,JJ
176,pull,37,NN
177,play,36,NN
178,best,36,JJS
179,move,36,NN
180,block,35,NN
181,top,35,JJ
182,little,35,JJ
183,show,35,NN
184,real,34,JJ
185,man,34,NN
186,head,34,NN
187,ice,34,NN
188,will,34,MD
189,mind,33,VB
190,took,33,VBD
191,eyes,33,NNS
192,hold,33,VB
193,stop,33,JJ
194,trap,33,NN
195,hundred,32,VBD
196,goin',32,JJ
197,gettin',32,NN
198,am,32,VBP
199,hate,32,NN
200,what's,32,NN
201,heartless,32,NN
202,comfortable,32,JJ
203,change,31,NN
204,before,31,IN
205,everything,31,NN
206,after,31,IN
207,party,31,NN
208,try,31,NN
209,drinkin',31,NN
210,racks,31,NNS
211,full,31,JJ
212,hey,31,NN
213,are,31,VBP
214,tonight,31,JJ
215,outside,31,IN
216,glock,30,NN
217,i've,30,NN
218,around,30,IN
219,i'd,30,JJ
220,friends,30,NNS
221,ah,30,VBP
222,going,30,VBG
223,nothin',30,JJ
224,soul,30,JJ
225,stuck,30,VBN
226,lose,29,VBP
227,an,29,DT
228,gonna,29,NN
229,cold,29,VBD
230,slide,29,NN
231,last,28,JJ
232,into,28,IN
233,really,28,RB
234,again,28,RB
235,whole,28,JJ
236,let's,27,NN
237,used,27,VBN
238,much,27,RB
239,light,27,JJ
240,long,27,RB
241,you'd,27,JJ
242,gang,26,NN
243,couldn't,26,NN
244,house,26,NN
245,same,26,JJ
246,young,26,JJ
247,talk,26,NN
248,sun,26,NN
249,lonely,26,RB
250,yeah-yeah,26,JJ
251,ey,26,NN
252,'til,25,POS
253,find,25,VB
254,our,25,PRP$
255,lot,25,NN
256,should,25,MD
257,yo,25,VB
258,bed,25,NN
259,hop,25,NN
260,throw,25,NN
261,pain,25,NN
262,first,25,RB
263,feeling,25,VBG
264,other,25,JJ
265,don’t,25,JJ
266,drop,25,NN
267,watermelon,25,NN
268,sugar,25,NN
269,posted,24,VBD
270,nigga,24,JJ
271,inside,24,RB
272,hood,24,JJ
273,pop,23,NN
274,hot,23,JJ
275,us,23,PRP
276,mean,23,VBP
277,while,23,IN
278,things,23,NNS
279,something,23,NN
280,bae,23,RB
281,i’m,23,JJ
282,chasin',23,NN
283,alright,23,VBD
284,care,22,NN
285,watch,22,NN
286,boy,22,NN
287,falling,22,VBG
288,end,22,NN
289,crazy,22,NN
290,ya,22,NN
291,shawty,22,NN
292,sola,22,VBP
293,bond,21,NN
294,forget,21,NN
295,touch,21,NN
296,than,21,IN
297,straight,21,JJ
298,gave,21,VBD
299,ass,21,NN
300,maybe,21,RB
301,foot,21,JJ
302,game,20,NN
303,tried,20,VBD
304,didn't,20,JJ
305,few,20,JJ
306,we'll,20,NNS
307,sht,20,VBP
308,already,20,RB
309,paid,20,VBN
310,start,20,RB
311,face,20,VBP
312,break,20,JJ
313,home,20,NN
314,b!tch,20,NN
315,doin',20,NN
316,brrt,20,NN
317,memories,20,NNS
318,without,19,IN
319,many,19,JJ
320,heard,19,NNS
321,were,19,VBD
322,lie,19,JJ
323,gone,19,VBN
324,n!ggas,19,RB
325,someone,19,NN
326,country,19,NN
327,n!gga,19,VBD
328,happening,19,VBG
329,type,18,NN
330,guess,18,NN
331,broke,18,VBD
332,fire,18,NN
333,car,18,NN
334,three,18,CD
335,close,18,NN
336,pullin',18,NN
337,mama,18,NN
338,hoes,18,NNS
339,though,18,IN
340,those,18,DT
341,stupid,18,JJ
342,five,18,CD
343,club,18,NN
344,daisies,18,NNS
345,cause,18,NN
346,does,18,VBZ
347,huh,18,VB
348,margarita,18,VB
349,extremo,18,JJ
350,streets,17,NNS
351,codeine,17,VBP
352,myself,17,PRP
353,thousand,17,CD
354,knew,17,VBD
355,another,17,DT
356,sunday,17,JJ
357,cup,17,NN
358,felt,17,VBD
359,tú,17,JJ
360,red,16,JJ
361,verse,16,NN
362,thinkin',16,NN
363,ones,16,NNS
364,front,16,VBP
365,next,16,JJ
366,middle,16,JJ
367,both,16,DT
368,free,16,JJ
369,road,16,NN
370,loud,16,NN
371,nah,16,JJ
372,buy,16,VB
373,sum'n,16,JJ
374,riding,15,VBG
375,dumb,15,JJ
376,city,15,NN
377,name,15,NN
378,hell,15,NN
379,different,15,JJ
380,well,15,RB
381,lost,15,VBN
382,nothing,15,NN
383,morning,15,NN
384,lights,15,NNS
385,sleep,15,VBP
386,beat,15,JJ
387,lean,15,JJ
388,between,15,IN
389,somebody,15,NN
390,everybody,15,NN
391,ring,15,VBG
392,dead,15,JJ
393,seen,15,VBN
394,stand,15,VBP
395,spend,15,VB
396,nasty,15,JJ
397,low,15,JJ
398,y,15,NN
399,sh!t,15,NN
400,savage,15,NN
401,strikers,15,NNS
402,trapped,15,VBD
403,mike,14,NN
404,jeans,14,NNPS
405,trust,14,NN
406,room,14,NN
407,street,14,NN
408,sayin',14,JJ
409,sippin',14,JJ
410,hurt,14,NN
411,sure,14,JJ
412,shouldn't,14,JJ
413,kind,14,NN
414,against,14,IN
415,bag,14,NN
416,girls,14,NNS
417,team,14,NN
418,body,14,NN
419,water,14,NN
420,sorry,14,JJ
421,hand,14,NN
422,nowhere,14,RB
423,ran,14,VBD
424,happy,14,JJ
425,brother,14,NN
426,pay,14,NN
427,attention,14,NN
428,she's,14,NN
429,floor,14,NN
430,kill,14,VB
431,deep,14,JJ
432,taking,14,VBG
433,nggas,14,JJ
434,glass,14,NN
435,cop,14,NN
436,taste,13,NN
437,drugs,13,NNS
438,ballin',13,VBP
439,lit,13,JJ
440,livin',13,NN
441,catch,13,NN
442,runnin',13,NN
443,caught,13,VBD
444,people,13,NNS
445,corner,13,VBP
446,smile,13,JJ
447,live,13,VBP
448,rock,13,NN
449,cut,13,NN
450,dark,13,JJ
451,oh-oh,13,JJ
452,white,13,JJ
453,phone,13,NN
454,ask,13,NN
455,there's,13,NN
456,own,13,JJ
457,enough,13,RB
458,west,13,JJS
459,thought,13,VBN
460,box,13,NN
461,days,13,NNS
462,damn,13,VBP
463,news,13,NN
464,whip,13,NN
465,demons,13,NNS
466,se,13,VBP
467,mmm,13,JJ
468,perreo,13,NN
469,amiri,12,NN
470,since,12,IN
471,die,12,NN
472,police,12,NN
473,work,12,NN
474,ridin',12,NN
475,crib,12,NN
476,wrong,12,JJ
477,shine,12,JJ
478,dream,12,NN
479,god,12,NN
480,twenty,12,JJ
481,black,12,JJ
482,side,12,NN
483,cry,12,NN
484,bought,12,VBD
485,four,12,CD
486,son,12,NN
487,perfect,12,JJ
488,level,12,NN
489,whiskey,12,JJ
490,town,12,NN
491,ending,12,VBG
492,shake,12,JJ
493,in',12,NN
494,monster,12,NN
495,breathe,12,NN
496,ahh,12,NN
497,como,12,NN
498,bands,11,VBZ
499,smoke,11,JJ
500,shot,11,JJ
501,chopper,11,NN
502,vvs,11,NN
503,ed,11,NN
504,somethin',11,NN
505,probably,11,RB
506,goodbye,11,VBD
507,burning,11,VBG
508,chase,11,NN
509,dior,11,JJ
510,talkin',11,NN
511,remember,11,VB
512,ball,11,NN
513,gas,11,NN
514,wake,11,NN
515,blind,11,IN
516,doing,11,VBG
517,started,11,VBD
518,hundreds,11,NNS
519,fault,11,NN
520,double,11,JJ
521,skrrt,11,JJ
522,pour,11,NN
523,walkin',11,NN
524,que,11,JJ
525,bougie,11,NN
526,ella,11,NN
527,fill,10,NN
528,takin',10,VBZ
529,coupe,10,JJ
530,line,10,NN
531,fun,10,NN
532,bro,10,NN
533,jet,10,NN
534,pills,10,NNS
535,dog,10,VBP
536,mad,10,JJ
537,lookin',10,NN
538,talking,10,VBG
539,wouldn't,10,NNS
540,control,10,NN
541,mine,10,VBP
542,honey,10,NN
543,saw,10,NN
544,kiss,10,VB
545,hang,10,NN
546,swear,10,NN
547,until,10,IN
548,either,10,DT
549,listen,10,JJ
550,outta,10,NN
551,mess,10,NN
552,fight,10,NN
553,broken,10,VBN
554,behind,10,IN
555,times,10,NNS
556,pretty,10,RB
557,moment,10,NN
558,drink,10,NN
559,else,10,RB
560,hear,10,JJ
561,running,10,VBG
562,known,10,VBN
563,bones,10,NNS
564,fxck,10,RBR
565,playing,10,VBG
566,afraid,10,JJ
567,truck,10,NN
568,it'll,10,JJ
569,mamma,10,NN
570,comes,10,VBZ
571,wave,10,VBP
572,shoot,10,JJ
573,poppin',10,NN
574,hitek,10,NN
575,tek,10,NN
576,trench,10,NN
577,drank,10,NN
578,concern,10,NN
579,lo,10,JJ
580,slatt,10,NN
581,ferrari,10,NN
582,solitary,10,JJ
583,song,9,NN
584,foreign,9,JJ
585,bangin',9,NN
586,quick,9,JJ
587,wish,9,JJ
588,sick,9,NN
589,y'all,9,NN
590,adore,9,IN
591,drinks,9,NNS
592,bottle,9,JJ
593,couple,9,JJ
594,truth,9,NN
595,brain,9,NN
596,hide,9,NN
597,thirty,9,NN
598,benz,9,NN
599,patek,9,NN
600,fifty,9,JJ
601,feelin',9,NN
602,beer,9,NN
603,fix,9,NN
604,choose,9,VBP
605,stayed,9,VBN
606,cuz,9,NN
607,yes,9,NNS
608,monday,9,VBP
609,proud,9,JJ
610,showed,9,VBD
611,anybody,9,NN
612,coffee,9,NN
613,fall,9,NN
614,jump,9,NN
615,kick,9,NN
616,mouth,9,NN
617,weren't,9,VBP
618,fly,9,JJ
619,year,9,NN
620,fast,9,RB
621,bank,9,NN
622,lamborghini,9,JJ
623,bummer,9,NN
624,fine,9,JJ
625,intentions,9,NNS
626,classy,9,JJ
627,ratchet,9,NN
628,moody,9,NN
629,ahora,9,VBZ
630,servin',8,JJ
631,check,8,NN
632,dropped,8,VBD
633,school,8,NN
634,'round,8,IN
635,trappin',8,NN
636,chance,8,NN
637,living,8,VBG
638,drippin',8,VB
639,tall,8,JJ
640,stressed,8,VBN
641,ten,8,NN
642,problem,8,NN
643,being,8,VBG
644,killer,8,NN
645,under,8,IN
646,summer,8,NN
647,hello,8,NN
648,leavin',8,NN
649,freak,8,VBP
650,loose,8,JJ
651,spent,8,JJ
652,ho,8,NN
653,yellow,8,JJ
654,race,8,NN
655,six,8,CD
656,wild,8,JJ
657,fair,8,JJ
658,spin,8,NN
659,million,8,CD
660,cash,8,NN
661,movin',8,NNS
662,lips,8,NNS
663,makes,8,VBZ
664,whenever,8,WRB
665,notice,8,JJ
666,hype,8,NN
667,waiting,8,VBG
668,sleeve,8,JJ
669,dime,8,NN
670,it’s,8,JJ
671,please,8,NN
672,easy,8,JJ
673,wasn't,8,JJ
674,guitar,8,NN
675,pass,8,NN
676,guy,8,NN
677,seven,8,CD
678,knock,8,NN
679,cover,8,NN
680,count,8,NN
681,ooh-ooh,8,JJ
682,awake,8,NN
683,getting,8,VBG
684,kitchen,8,JJ
685,he's,8,JJ
686,door,8,NN
687,roll,8,NN
688,clap,8,NN
689,billie,8,NN
690,jean,8,NN
691,fck,8,NN
692,forever,8,RB
693,gray,8,JJ
694,ha,8,JJ
695,cap,8,NN
696,blood,8,NN
697,fashion,8,NN
698,makin',8,NN
699,waitin',8,VBD
700,anthem,8,JJ
701,tantrum,8,NN
702,hmm,8,NN
703,map,8,NN
704,brand,8,NN
705,hunnid,8,NN
706,fuego,8,NN
707,striker,8,NN
708,roses,8,VBZ
709,sassy,8,JJ
710,acting,8,VBG
711,prove,8,NN
712,perrea,8,NN
713,safe,7,JJ
714,tight,7,JJ
715,x,7,NN
716,bitch,7,NN
717,trenches,7,NNS
718,gun,7,VBP
719,switch,7,VB
720,key,7,JJ
721,stick,7,JJ
722,havin',7,NN
723,trippin',7,NN
724,designer,7,NN
725,least,7,JJS
726,you've,7,JJ
727,looking,7,VBG
728,ourselves,7,PRP
729,far,7,RB
730,christian,7,JJ
731,reason,7,NN
732,drip,7,NN
733,wrist,7,NN
734,sittin',7,VBD
735,peace,7,JJ
736,place,7,NN
737,past,7,IN
738,stuntin',7,NN
739,hopped,7,VBD
740,wanted,7,VBD
741,bentley,7,NN
742,miss,7,NNS
743,kept,7,VBD
744,bigger,7,JJR
745,burnin',7,NN
746,lock,7,NN
747,ain’t,7,NN
748,moon,7,NN
749,treat,7,NN
750,pistol,7,NN
751,king,7,VBG
752,average,7,JJ
753,sad,7,JJ
754,tears,7,NNS
755,matter,7,RBR
756,dancing,7,VBG
757,tomorrow,7,NN
758,hater,7,NN
759,old,7,JJ
760,babe,7,NN
761,watching,7,VBG
762,bust,7,JJ
763,rob,7,NN
764,plans,7,NNS
765,ing,7,VBG
766,de,7,IN
767,proof,7,FW
768,alive,7,JJ
769,yep,7,NN
770,gold,7,NN
771,drive,7,NN
772,most,7,RBS
773,pray,7,JJ
774,walked,7,VBD
775,cheapest,7,JJS
776,finfer,7,NN
777,raw,7,JJ
778,bustin',7,NN
779,turks,7,NNS
780,toda,7,VBP
781,noche,7,RB
782,te,7,JJ
783,los,7,NN
784,en,7,IN
785,won’t,7,NN
786,rest,7,NN
787,mmh,7,NN
788,lambo’,7,NN
789,sittin’,7,NN
790,plug,7,NN
791,rounds,7,VBZ
792,set,6,VBN
793,spot,6,NN
794,soon,6,RB
795,found,6,VBD
796,opps,6,JJ
797,dawg,6,NN
798,once,6,RB
799,sense,6,JJ
800,paper,6,NN
801,picture,6,NN
802,thinking,6,VBG
803,gucci,6,NN
804,walking,6,VBG
805,naughty,6,JJ
806,henn',6,NN
807,bacardi,6,NN
808,‘rari,6,NNP
809,learn,6,NN
810,lil,6,NN
811,remind,6,NN
812,bch,6,NN
813,teeth,6,IN
814,blue,6,JJ
815,dreams,6,NNS
816,queen,6,JJ
817,slow,6,JJ
818,stompin',6,NN
819,cars,6,NNS
820,fit,6,VBP
821,forgive,6,JJ
822,packed,6,VBN
823,clouds,6,NNS
824,lake,6,VBP
825,everyone,6,NN
826,could've,6,NN
827,storm,6,NN
828,deceive,6,JJ
829,part,6,NN
830,power,6,NN
831,pusy,6,NN
832,b!tches,6,NNS
833,keeps,6,VBP
834,bluebird,6,JJ
835,i’ve,6,JJ
836,feels,6,NNS
837,should’ve,6,VBP
838,letting,6,VBG
839,askin',6,NN
840,late,6,JJ
841,holdin',6,NN
842,haven't,6,NN
843,shower,6,VBD
844,numbers,6,NNS
845,minute,6,JJ
846,circles,6,NNS
847,sticks,6,NNS
848,stones,6,VBP
849,build,6,VB
850,hands,6,NNS
851,i’ll,6,JJ
852,happened,6,VBD
853,heaven,6,JJ
854,dress,6,NN
855,weekend,6,NN
856,daddy,6,JJ
857,wait,6,NN
858,locked,6,VBD
859,shooters,6,NNS
860,section,6,NN
861,wear,6,IN
862,standing,6,VBG
863,spit,6,JJ
864,darkness,6,NN
865,shinin',6,NN
866,rap,6,NN
867,mud,6,NN
868,caring,6,VBG
869,help,6,NN
870,together,6,RB
871,chaser,6,NN
872,learned,6,VBD
873,scarred,6,JJ
874,salt,6,NN
875,paint,6,NN
876,pouring,6,VBG
877,amazing,6,JJ
878,shy,6,JJ
879,peel,6,NN
880,music,6,NN
881,star,6,NN
882,louis,6,NNP
883,v,6,NN
884,'s,6,POS
885,pluto,6,NN
886,today,6,NN
887,harlem,6,VBP
888,tv,6,NN
889,bottom,6,NN
890,big-ass,6,NN
891,sold,6,VBN
892,cheats,6,NNS
893,somewhere,6,RB
894,hurts,6,VBZ
895,define,6,NN
896,gorgeous,6,JJ
897,mentions,6,NNS
898,insane,6,VBP
899,turnt,6,JJ
900,thug,6,NN
901,hoe,6,NN
902,toast,6,NN
903,can’t,6,NN
904,eh,6,NN
905,doo,6,VBP
906,doesn't,6,NN
907,stuff,6,NN
908,wan',6,NN
909,d!ck,6,NN
910,lay,6,VBD
911,rompemo',6,JJ
912,al,6,NN
913,otro,6,NN
914,día,6,NN
915,volvemo',6,NN
916,sabes,6,VBZ
917,hacemo',6,JJ
918,tonight's,6,NN
919,dinero,6,NN
920,rid,6,JJ
921,ok,6,JJ
922,shatter,6,NN
923,jackson,6,NN
924,blazin',6,NN
925,fourteen,6,JJ
926,las,6,NNS
927,ante',6,VBP
928,pichaba',6,JJ
929,jaja,6,NN
930,tape,5,NN
931,slidin',5,NN
932,stoppin',5,VBD
933,plenty,5,JJ
934,guns,5,NNS
935,clip,5,VBP
936,death,5,NN
937,workin',5,NN
938,sell,5,VBP
939,swag,5,NN
940,pissed,5,VBD
941,chris,5,JJ
942,calls,5,NNS
943,scottie,5,JJ
944,pippen,5,JJ
945,crippin',5,NN
946,missing,5,VBG
947,palm,5,NN
948,trees,5,NNS
949,daughter,5,VBP
950,sex,5,NN
951,any,5,DT
952,tired,5,JJ
953,tear,5,JJ
954,wonder,5,NN
955,should've,5,NN
956,stopped,5,VBD
957,ends,5,NNS
958,smokin',5,JJ
959,shots,5,NNS
960,pearl,5,VBP
961,smarter,5,JJ
962,style,5,NN
963,feet,5,NNS
964,piece,5,RB
965,flight,5,NN
966,dollars,5,NNS
967,shirt,5,VBP
968,wakin',5,JJ
969,maybach,5,NN
970,sit,5,NN
971,grab,5,VBD
972,la-la-la,5,JJ
973,fears,5,NNS
974,built,5,VBN
975,stomach,5,JJ
976,stage,5,NN
977,less,5,JJR
978,none,5,NN
979,comin',5,NN
980,kinda,5,NN
981,problems,5,NNS
982,heartbroken,5,VBP
983,they're,5,JJ
984,wide,5,JJ
985,singing,5,NN
986,whatever,5,WDT
987,round,5,JJ
988,sweet,5,JJ
989,loca,5,NN
990,clear,5,JJ
991,meet,5,NN
992,fxckin',5,NN
993,anything,5,NN
994,cum,5,JJ
995,kids,5,NNS
996,air,5,NN
997,cross,5,VBP
998,view,5,NN
999,bean,5,NN
1000,later,5,RB
1001,goes,5,VBZ
1002,green,5,JJ
1003,card,5,NN
1004,someday,5,NN
1005,feed,5,VBD
1006,blame,5,JJ
1007,oh-oh-oh,5,JJ
1008,ayy-ayy-ayy,5,JJ
1009,sound,5,NN
1010,aw,5,NN
1011,stores,5,NNS
1012,don,5,VBP
1013,dig,5,NN
1014,k,5,NN
1015,word,5,NN
1016,drownin',5,NN
1017,"you""",5,NN
1018,steady,5,JJ
1019,haters,5,NNS
1020,selling,5,VBG
1021,nightmare,5,NN
1022,yourself,5,PRP
1023,closer,5,JJR
1024,lazy,5,JJ
1025,rappin',5,NN
1026,finna,5,NN
1027,chain,5,NN
1028,rockstar,5,NN
1029,godzilla,5,NN
1030,"""the",5,NNP
1031,pulled,5,VBD
1032,ease,5,JJ
1033,pack,5,NN
1034,bit,5,NN
1035,thick,5,JJ
1036,clout,5,NN
1037,three-five,5,JJ
1038,quarter,5,NN
1039,attached,5,VBD
1040,batch,5,NN
1041,baddies,5,NNS
1042,space,5,NN
1043,rollin',5,VBP
1044,driving,5,VBG
1045,apart,5,RB
1046,beats,5,NNS
1047,blessed,5,VBD
1048,applause,5,RB
1049,goyard,5,JJ
1050,stallion,5,NN
1051,coke,5,NN
1052,likes,5,NNS
1053,worth,5,JJ
1054,licks,5,NNS
1055,sounds,5,VBZ
1056,holding,5,VBG
1057,filter,5,RBR
1058,cookin',5,JJ
1059,asset,5,NN
1060,size,5,NN
1061,dealin',5,NN
1062,threw,5,VBD
1063,camila,5,JJ
1064,cabello,5,NN
1065,wet,5,NN
1066,bricks,5,NNS
1067,drum,5,VBP
1068,surprised,5,JJ
1069,pool,5,NN
1070,beef,5,NN
1071,wifey,5,NN
1072,ahead,5,RB
1073,tow,5,JJ
1074,jimmy,5,NN
1075,es,5,NN
1076,dues,5,NNS
1077,everyday,5,VBP
1078,em,5,VB
1079,basically,5,RB
1080,passion,5,NN
1081,pero,5,NN
1082,quería',5,NN
1083,bunch,4,NN
1084,spittin',4,NN
1085,fiends,4,VBZ
1086,chillin',4,JJ
1087,juice,4,NN
1088,playin',4,NN
1089,birthday,4,NN
1090,turned,4,VBD
1091,war,4,NN
1092,raise,4,NN
1093,'fore,4,POS
1094,cool,4,JJ
1095,math,4,NN
1096,finesse,4,NN
1097,winter,4,NN
1098,cannot,4,NN
1099,boss,4,IN
1100,nice,4,JJ
1101,press,4,NN
1102,watchin',4,NN
1103,crowd,4,JJ
1104,thirty-three,4,JJ
1105,c's,4,NN
1106,neighbors,4,NNS
1107,you'll,4,VBP
1108,dollar,4,NN
1109,opp,4,NN
1110,lately,4,RB
1111,starts,4,VBZ
1112,conversation,4,NN
1113,bar,4,NN
1114,songs,4,NNS
1115,given,4,VBN
1116,wind,4,VBP
1117,stressin',4,JJ
1118,disagreements,4,NNS
1119,fiendin',4,VBP
1120,nut,4,JJ
1121,squirrel,4,NN
1122,suit,4,NN
1123,eat,4,NN
1124,py,4,NN
1125,beast,4,NN
1126,dreamin',4,NN
1127,ghost,4,NN
1128,rather,4,RB
1129,bottoms,4,JJ
1130,underneath,4,JJ
1131,hittin',4,NN
1132,mall,4,NN
1133,crack,4,NN
1134,toes,4,NNS
1135,sky,4,VBP
1136,born,4,JJ
1137,win,4,NNS
1138,confide,4,JJ
1139,weak,4,JJ
1140,flexin',4,NN
1141,hair,4,NN
1142,demon,4,JJ
1143,devil,4,NN
1144,bet,4,NN
1145,bringin',4,NN
1146,losin',4,VBZ
1147,slowly,4,RB
1148,dying,4,VBG
1149,deserve,4,NN
1150,connected,4,VBN
1151,games,4,NNS
1152,emotions,4,NNS
1153,bags,4,NNS
1154,vacation,4,NN
1155,wash,4,NN
1156,save,4,VBP
1157,replace,4,VB
1158,called,4,VBN
1159,skull,4,NN
1160,lucky,4,NN
1161,blinded,4,VBD
1162,giving,4,VBG
1163,waste,4,NN
1164,"""i",4,NNP
1165,tongue,4,NN
1166,jack,4,NN
1167,sack,4,NN
1168,very,4,RB
1169,jumpin',4,JJ
1170,rear,4,JJ
1171,layin',4,NN
1172,blowin',4,NN
1173,degrees,4,NNS
1174,seem,4,VBP
1175,wife,4,NN
1176,saturday,4,JJ
1177,runway,4,JJ
1178,jewelry,4,NN
1179,who's,4,NN
1180,flame,4,VBP
1181,small,4,JJ
1182,billion,4,CD
1183,beg,4,NNS
1184,you’re,4,RB
1185,nerve,4,VBP
1186,send,4,JJ
1187,rains,4,NNS
1188,pours,4,VBP
1189,rrr,4,JJ
1190,suckin',4,NN
1191,wildin',4,NN
1192,joe,4,NN
1193,friend,4,NN
1194,williams,4,VBZ
1195,goat,4,VBP
1196,mic,4,JJ
1197,county,4,NN
1198,d,4,NN
1199,hoppin',4,NN
1200,scary,4,JJ
1201,breaking,4,NN
1202,loves,4,NNS
1203,stranger,4,VBP
1204,booth,4,DT
1205,drinking,4,NN
1206,asked,4,VBD
1207,age,4,NN
1208,forest,4,JJS
1209,ears,4,NNS
1210,bm,4,VBP
1211,screws,4,NNS
1212,woke,4,VBD
1213,mm,4,JJ
1214,open,4,JJ
1215,dn,4,NN
1216,loving,4,VBG
1217,lettin',4,JJ
1218,rocking,4,VBG
1219,ngga,4,JJ
1220,nle,4,JJ
1221,choppa,4,NN
1222,scene,4,NN
1223,hip,4,NN
1224,vacay,4,NN
1225,carpet,4,NN
1226,lick,4,JJ
1227,vodka,4,NN
1228,finger,4,NN
1229,player,4,NN
1230,heat,4,NN
1231,half,4,NN
1232,killed,4,VBD
1233,haha,4,JJ
1234,wobble,4,JJ
1235,gobble,4,JJ
1236,truck-a,4,JJ
1237,wraith,4,NN
1238,blunt,4,NN
1239,chopsticks,4,NNS
1240,ton,4,NN
1241,shoes,4,NNS
1242,italian,4,JJ
1243,milan,4,NN
1244,bales,4,NNS
1245,bird,4,VBP
1246,seal,4,JJ
1247,stands,4,NNS
1248,that-that,4,JJ
1249,sight,4,JJ
1250,wheezy,4,NN
1251,push,4,NN
1252,cook,4,NN
1253,chalk,4,NN
1254,nonstop,4,JJ
1255,feelings,4,NNS
1256,miles,4,NNS
1257,friday,4,RB
1258,rover,4,VB
1259,floor-floor,4,JJ
1260,deal,4,NN
1261,prada,4,NN
1262,store,4,NN
1263,college,4,NN
1264,dropout,4,IN
1265,leg,4,JJ
1266,thicc,4,NN
1267,annoying,4,VBG
1268,table,4,JJ
1269,chick,4,NN
1270,along,4,IN
1271,quit,4,NN
1272,window,4,NN
1273,wondering,4,VBG
1274,quiet,4,JJ
1275,ready,4,JJ
1276,bread,4,NN
1277,equity,4,NN
1278,worry,4,VBP
1279,independent,4,JJ
1280,usual,4,JJ
1281,cocaine,4,NN
1282,bando,4,NN
1283,penthouse,4,NN
1284,pink,4,NN
1285,scared,4,VBD
1286,scrub,4,JJ
1287,legs,4,NNS
1288,recipe,4,VBP
1289,reach,4,NN
1290,sometimes,4,RB
1291,midnight,4,VBD
1292,leather,4,JJR
1293,jacket,4,NN
1294,met,4,VBD
1295,sellin',4,JJ
1296,doors,4,NNS
1297,molly,4,RB
1298,suck,4,VBP
1299,nine,4,CD
1300,bored,4,VBN
1301,piped,4,VBD
1302,plastic,4,JJ
1303,puttin',4,NN
1304,rockin',4,NN
1305,vida,4,NN
1306,choo,4,NN
1307,medicine,4,NN
1308,evening,4,VBG
1309,nike,4,JJ
1310,mi,4,NN
1311,bussin',4,NN
1312,chop,4,NN
1313,app,4,VBP
1314,handle,4,JJ
1315,behavior,4,NN
1316,ros茅,4,NN
1317,b,4,NN
1318,frame,4,NN
1319,yuh,4,NN
1320,punches,4,NNS
1321,focused,4,VBD
1322,plus,4,CC
1323,jewels,4,NNS
1324,making,4,VBG
1325,deals,4,NNS
1326,commas,4,VB
1327,finally,4,RB
1328,unless,4,IN
1329,extortion,4,NN
1330,literally,4,RB
1331,hearin',4,JJ
1332,neighborhood,4,NN
1333,sunshine,4,NN
1334,loser,4,NN
1335,quitter,4,NN
1336,nose,4,JJ
1337,michael,4,JJ
1338,sons,4,NNS
1339,oh-woah,4,JJ
1340,flow,4,JJ
1341,period,4,NN
1342,mill',4,JJ
1343,fool,4,NN
1344,una,4,JJ
1345,picheo,4,NN
1346,quiero,4,NN
1347,decorate,3,NN
1348,foenem,3,NN
1349,hollows,3,NNS
1350,taught,3,VBD
1351,expensive,3,JJ
1352,knots,3,NNS
1353,grind,3,VBP
1354,breaks,3,JJ
1355,swervin',3,NN
1356,crash,3,NN
1357,popped,3,VBD
1358,surgery,3,NN
1359,singin',3,NN
1360,played,3,VBD
1361,garbage,3,NN
1362,atlanta,3,NN
1363,actin',3,NN
1364,slid,3,VBD
1365,steel,3,NN
1366,slums,3,NNS
1367,lotta,3,VBP
1368,million-dollar,3,JJ
1369,ecstasy,3,NN
1370,mountains,3,NNS
1371,bustdown,3,RP
1372,standin',3,NNS
1373,switched,3,VBD
1374,route,3,JJ
1375,'member,3,NNP
1376,extended,3,VBD
1377,post,3,NN
1378,twins,3,NNS
1379,point,3,VBP
1380,cried,3,VBN
1381,mark,3,NN
1382,paradise,3,NN
1383,state,3,NN
1384,leaning,3,VBG
1385,shoulda,3,JJ
1386,third,3,JJ
1387,pretend,3,NN
1388,seein',3,NN
1389,weed,3,VBD
1390,feds,3,NNS
1391,ye,3,JJ
1392,givenchy,3,JJ
1393,wine,3,NN
1394,earl,3,NN
1395,outfit,3,NN
1396,flick,3,NN
1397,froze,3,NN
1398,forgis,3,JJ
1399,jeep,3,NN
1400,bloody,3,NN
1401,answer,3,VB
1402,salty,3,NN
1403,sip,3,NN
1404,london,3,NN
1405,dirty,3,NN
1406,boat,3,NN
1407,rain,3,NN
1408,business,3,NN
1409,difference,3,NN
1410,ego,3,NN
1411,stone,3,NN
1412,appetite,3,JJ
1413,rodeo,3,NN
1414,stylish,3,JJ
1415,muscle,3,NN
1416,mag,3,VBD
1417,body-bagged,3,JJ
1418,dumpin',3,NN
1419,guys,3,NNS
1420,winnin',3,VBP
1421,cali',3,JJ
1422,trying,3,VBG
1423,hypnotized,3,JJ
1424,signs,3,NNS
1425,hearts,3,NNS
1426,grown,3,VBP
1427,empty,3,JJ
1428,fame,3,NN
1429,wonderin',3,NN
1430,sin,3,JJ
1431,figure,3,NN
1432,bondin',3,NN
1433,rainin',3,NN
1434,situation,3,NN
1435,hits,3,VBZ
1436,grey,3,JJ
1437,hungover,3,RB
1438,frown,3,JJ
1439,special,3,JJ
1440,fell,3,VBD
1441,words,3,NNS
1442,surface,3,NN
1443,troubled,3,VBD
1444,weather,3,NN
1445,hurting,3,NN
1446,kills,3,NNS
1447,worthless,3,JJ
1448,be',3,NN
1449,sides,3,NNS
1450,because,3,IN
1451,family,3,NN
1452,city's,3,NN
1453,judge,3,NN
1454,drowning,3,VBG
1455,winning,3,VBG
1456,wildcard,3,JJ
1457,lemons,3,NNS
1458,mix,3,VBP
1459,stops,3,JJ
1460,stars,3,NNS
1461,would’ve,3,VBP
1462,ooooh,3,JJ
1463,single,3,JJ
1464,act,3,NN
1465,calling,3,VBG
1466,upon,3,IN
1467,sea,3,NN
1468,great,3,JJ
1469,slippin',3,JJ
1470,bend,3,NN
1471,tail,3,NN
1472,headin',3,NN
1473,anywhere,3,RB
1474,freedom,3,RB
1475,two-thirty,3,JJ
1476,early,3,JJ
1477,visit,3,NN
1478,windy,3,NN
1479,kisses,3,NNS
1480,changed,3,VBD
1481,credit,3,NN
1482,women,3,NNS
1483,title,3,VBP
1484,tryin',3,JJ
1485,brought,3,JJ
1486,seasons,3,NNS
1487,dare,3,VBP
1488,understand,3,JJ
1489,laughing,3,VBG
1490,dear,3,JJ
1491,praying,3,VBG
1492,cuddle,3,JJ
1493,sheets,3,NNS
1494,church,3,VBP
1495,watched,3,JJ
1496,movie,3,NN
1497,stain,3,NN
1498,favorite,3,JJ
1499,pillow,3,NN
1500,knees,3,NNS
1501,thot,3,JJ
1502,page,3,NN
1503,cell,3,NN
1504,facetime,3,RB
1505,week,3,NN
1506,underachieving,3,JJ
1507,lover,3,RB
1508,spirit,3,JJ
1509,sit-downs,3,JJ
1510,tragedies,3,NNS
1511,struggles,3,VBZ
1512,sacrificed,3,VBN
1513,climbed,3,VBD
1514,bright,3,JJ
1515,faces,3,VBZ
1516,porch,3,NN
1517,years,3,NNS
1518,barely,3,RB
1519,moved,3,VBD
1520,pick,3,JJ
1521,solve,3,NN
1522,misery,3,NN
1523,company,3,NN
1524,lies,3,VBZ
1525,fcked,3,VBN
1526,traffic,3,NN
1527,hat,3,WP
1528,happen,3,VBZ
1529,chill,3,NN
1530,m's,3,NN
1531,countries,3,NNS
1532,saved,3,VBD
1533,chiefin',3,NN
1534,emotionally,3,RB
1535,bosses,3,VBZ
1536,wants,3,VBZ
1537,trips,3,NNS
1538,eye,3,NN
1539,clock,3,NN
1540,cops,3,NNS
1541,pressure,3,NN
1542,g,3,VBP
1543,soft,3,JJ
1544,ak,3,NNS
1545,spitter,3,VBP
1546,motherin',3,JJ
1547,stack,3,NN
1548,gangster,3,NN
1549,percent,3,NN
1550,sisters,3,NNS
1551,boot,3,VBP
1552,talkin’,3,NN
1553,bout,3,IN
1554,step,3,NN
1555,mafia,3,NN
1556,motor,3,NN
1557,trunk,3,NN
1558,tags,3,NNS
1559,lunch,3,NN
1560,creek,3,VBP
1561,crumb,3,JJ
1562,three-sixty,3,JJ
1563,freestylin',3,NN
1564,kush,3,NN
1565,lung,3,NN
1566,crocodile,3,NN
1567,burberry,3,NN
1568,high-priced,3,JJ
1569,drivin',3,NN
1570,model,3,NN
1571,field,3,NN
1572,rifle,3,NN
1573,leakin',3,JJ
1574,cancel,3,NN
1575,settle,3,VB
1576,snow,3,JJ
1577,bunnies,3,NNS
1578,brett,3,VBP
1579,favre,3,JJ
1580,carter,3,NN
1581,swang,3,NN
1582,everywhere,3,RB
1583,harmless,3,JJ
1584,tearing,3,VBG
1585,hardest,3,JJS
1586,inches,3,NNS
1587,finished,3,VBD
1588,ohh,3,RB
1589,leaving,3,VBG
1590,everybody's,3,JJ
1591,we've,3,NN
1592,mexico,3,NN
1593,present,3,JJ
1594,g-wagen,3,JJ
1595,baes,3,NN
1596,shoe,3,NN
1597,sweater,3,NN
1598,ol',3,NN
1599,tec,3,NN
1600,beans,3,NNS
1601,animal,3,JJ
1602,birkin,3,FW
1603,sparks,3,NNS
1604,wrecks,3,NNS
1605,wilder,3,VBP
1606,wildest,3,JJS
1607,anymore,3,RB
1608,track,3,NN
1609,glare,3,NN
1610,stairs,3,VBZ
1611,lovin',3,CC
1612,share,3,NN
1613,options,3,NNS
1614,avoid,3,VBP
1615,liquor,3,NN
1616,fiddles,3,NNS
1617,kentucky,3,VBP
1618,funky,3,JJ
1619,hangin',3,NN
1620,bluetick,3,NN
1621,hound,3,NN
1622,meant,3,VBD
1623,each,3,DT
1624,irrelevant,3,JJ
1625,sky'd,3,NN
1626,holy,3,NN
1627,jim,3,NN
1628,dean,3,NN
1629,panic,3,JJ
1630,quarantine,3,NN
1631,virgil,3,NN
1632,flew,3,VBD
1633,spain,3,NN
1634,domain,3,NN
1635,audemar'd,3,JJ
1636,backwood,3,NN
1637,draco,3,NN
1638,poor,3,JJ
1639,cute,3,NN
1640,baddest,3,JJS
1641,yc,3,NN
1642,snitch,3,NN
1643,ery,3,NN
1644,energy,3,NN
1645,psycho,3,NN
1646,here’s,3,NN
1647,cheers,3,NNS
1648,you‘re,3,VBP
1649,we’ve,3,JJ
1650,shakin',3,NN
1651,sorrow,3,NN
1652,floatin',3,NN
1653,dock,3,NN
1654,lays,3,NNS
1655,barefoot,3,VBP
1656,señorita,3,JJ
1657,hitting,3,VBG
1658,grass,3,NN
1659,kicking,3,VBG
1660,slangin',3,JJ
1661,knife,3,JJ
1662,shank,3,VBD
1663,kel-tec,3,JJ
1664,driveway,3,NN
1665,respect,3,NN
1666,accept,3,IN
1667,crodie,3,NN
1668,direct,3,JJ
1669,pockets,3,NNS
1670,throat,3,VBP
1671,wop,3,JJ
1672,sylvester,3,NN
1673,stallone,3,NN
1674,sprung,3,NN
1675,spring,3,NN
1676,raised,3,VBD
1677,sober,3,NNP
1678,superstar,3,NN
1679,porsche,3,NN
1680,righteous,3,JJ
1681,digest,3,JJS
1682,runneth,3,NN
1683,nightstand,3,NN
1684,damage,3,NN
1685,anxiety,3,NN
1686,planet,3,NN
1687,holes,3,NNS
1688,heart's,3,VBP
1689,whoa,3,JJ
1690,ritmo,3,NN
1691,ni,3,JJ
1692,dice,3,NN
1693,wuh,3,NN
1694,e',3,NN
1695,culpa,3,NN
1696,el,3,NN
1697,pa',3,NN
1698,con,3,NN
1699,styles,3,NNS
1700,flu,3,VBP
1701,keepin',3,VB
1702,"squee-squeeze""",3,JJ
1703,hooked,3,JJ
1704,rodman,3,NN
1705,murder,3,NN
1706,thang,3,NN
1707,psy,3,NN
1708,gutter,3,NN
1709,apartments,3,NNS
1710,surrounded,3,VBD
1711,lonelyi'm,3,RBR
1712,supalonely,3,RB
1713,remain,3,VBP
1714,foundation,3,JJ
1715,facing,3,VBG
1716,swat,3,JJ
1717,mojo,3,NN
1718,sucked,3,VBD
1719,wipe,3,JJ
1720,wood,3,NN
1721,rollie,3,NN
1722,swapped,3,VBD
1723,genie,3,NN
1724,stacks,3,NNS
1725,chinchilla,3,VBP
1726,beanie,3,JJ
1727,turbo,3,NN
1728,sequins,3,NNS
1729,buckles,3,NNS
1730,alyx,3,VBP
1731,crossbody,3,NN
1732,'rari,3,JJ
1733,sandals,3,NNS
1734,socket,3,VBP
1735,necklace,3,JJ
1736,pickin',3,NN
1737,hardly,3,RB
1738,thirsty,3,JJ
1739,sheesh,3,NN
1740,yung,3,NN
1741,joc,3,NN
1742,hesitatin',3,NN
1743,lounge,3,NN
1744,strawberries,3,NNS
1745,cursed,3,VBD
1746,amiris,3,JJ
1747,lamb',3,JJ
1748,grams,3,NNS
1749,ies,3,NNS
1750,timbs,3,VBP
1751,ls,3,JJ
1752,m,3,NN
1753,lames,3,VBZ
1754,braves,3,NNS
1755,pooh,3,JJ
1756,wearing,3,VBG
1757,uh-la-la,3,JJ
1758,“uh-uh-uh”,3,JJ
1759,ex,3,NN
1760,roo-oo-oom,3,NN
1761,antes,3,NNS
1762,tiene,3,VBP
1763,relapse,2,JJ
1764,rip,2,NN
1765,tweakin',2,NN
1766,stepped,2,VBD
1767,threat,2,NN
1768,beyond,2,IN
1769,northside,2,JJ
1770,blues,2,NNS
1771,excited,2,VBN
1772,shade,2,JJ
1773,test,2,NN
1774,blicky,2,NN
1775,raided,2,VBD
1776,retarded,2,JJ
1777,regardless,2,RB
1778,miami,2,JJ
1779,skis,2,NNS
1780,'cat,2,POS
1781,homies,2,NNS
1782,cappin',2,VBP
1783,lackin',2,JJ
1784,food,2,NN
1785,lyin',2,NN
1786,admit,2,NN
1787,shoulder,2,NN
1788,stealin',2,NN
1789,wrote,2,VBD
1790,rappers,2,NNS
1791,withdrawals,2,NNS
1792,color,2,NN
1793,must,2,MD
1794,suicide,2,VB
1795,sweep,2,NN
1796,plan,2,NN
1797,garage,2,VBP
1798,owe,2,JJ
1799,chest,2,NN
1800,hatin',2,NN
1801,blast,2,NN
1802,jets,2,NNS
1803,died,2,VBD
1804,survive,2,JJ
1805,skies,2,NNS
1806,reminisce,2,VBP
1807,happens,2,VBZ
1808,digital,2,JJ
1809,dizzy,2,NN
1810,insides,2,NNS
1811,meds,2,NNS
1812,ghetto,2,VBP
1813,duck,2,JJ
1814,pineapple,2,NN
1815,vegan,2,JJ
1816,dr,2,JJ
1817,fk,2,NN
1818,leanin',2,NN
1819,true,2,JJ
1820,blow,2,NN
1821,tom,2,NN
1822,dawgs,2,NNS
1823,fake,2,VBP
1824,sureski,2,JJ
1825,mustard,2,NN
1826,crip,2,NN
1827,struggle,2,NN
1828,serve,2,VBP
1829,frontin',2,NN
1830,ap,2,NN
1831,swerve,2,NN
1832,rolls,2,NNS
1833,royce,2,VBP
1834,brothers,2,NNS
1835,limit,2,VBP
1836,needs,2,NNS
1837,noise,2,JJ
1838,finish,2,JJ
1839,ground,2,NN
1840,chokin',2,NN
1841,upper,2,JJ
1842,aren't,2,NN
1843,screamin',2,NN
1844,nightmares,2,NNS
1845,ear,2,VBP
1846,karma,2,JJ
1847,drama,2,NN
1848,speedin',2,NN
1849,goofy,2,JJ
1850,obama,2,JJ
1851,presidential,2,JJ
1852,tint,2,NN
1853,tellin',2,NN
1854,position,2,NN
1855,glizzy,2,NN
1856,busy,2,JJ
1857,strong,2,JJ
1858,hotel,2,NN
1859,beautiful,2,JJ
1860,smilin',2,NN
1861,bein',2,NN
1862,worried,2,VBD
1863,commitment,2,JJ
1864,thoughts,2,NNS
1865,clue,2,NN
1866,occasion,2,NN
1867,needed,2,VBD
1868,heal,2,NN
1869,walls,2,NNS
1870,ago,2,RB
1871,yours,2,NNS
1872,ours,2,VBP
1873,motherfxcker,2,NN
1874,pr,2,NN
1875,one's,2,VBD
1876,clearly,2,RB
1877,keeper,2,JJ
1878,digging,2,NN
1879,confused,2,VBD
1880,till,2,NN
1881,centre,2,NN
1882,reflection,2,NN
1883,woulda,2,NN
1884,code,2,NN
1885,lingo,2,NN
1886,pornstar,2,NN
1887,boca,2,NN
1888,coming,2,VBG
1889,t-shirt,2,JJ
1890,flip,2,NN
1891,read,2,JJ
1892,access,2,NN
1893,sundress,2,NN
1894,leaking,2,VBG
1895,sang,2,NN
1896,pipe,2,JJ
1897,swimming,2,VBG
1898,i-i-i-i,2,JJ
1899,area,2,NN
1900,must've,2,NN
1901,grow,2,VBP
1902,drunk,2,NN
1903,j,2,NN
1904,gunnin',2,NN
1905,"""babe",2,NNP
1906,wherever,2,NN
1907,echoes,2,NNS
1908,"""oh",2,VBD
1909,ah-ah,2,JJ
1910,powfu,2,NN
1911,asleep,2,JJ
1912,future,2,NN
1913,has,2,VBZ
1914,hopin',2,VBN
1915,married,2,JJ
1916,blessings,2,NNS
1917,park,2,NN
1918,arms,2,NNS
1919,red-wine,2,JJ
1920,case,2,NN
1921,cure,2,NN
1922,slammed,2,VBD
1923,promise,2,JJ
1924,sturdy,2,JJ
1925,dick,2,NN
1926,throwin',2,NN
1927,bail,2,NN
1928,raisin',2,NN
1929,tnt,2,JJ
1930,direction,2,NN
1931,jail,2,NN
1932,beers,2,NNS
1933,speech,2,VBP
1934,blade,2,NN
1935,certain,2,JJ
1936,snakes,2,NNS
1937,venom,2,VBP
1938,fam,2,JJ
1939,boys,2,NNS
1940,"""goodbye""",2,VBP
1941,hahaha,2,JJ
1942,sitting,2,VBG
1943,seat,2,NN
1944,shooter,2,NN
1945,chair,2,NN
1946,shut,2,VBD
1947,biggest,2,JJS
1948,youngins,2,NNS
1949,voice,2,JJ
1950,lead,2,JJ
1951,toys,2,NNS
1952,harden,2,VBP
1953,anyone,2,NN
1954,"""as",2,NN
1955,"""they",2,NNP
1956,scream,2,NN
1957,instead,2,RB
1958,numb,2,JJ
1959,na,2,TO
1960,raider,2,VB
1961,skills,2,NNS
1962,dressed,2,VBN
1963,brown：,2,JJ
1964,pants,2,NNS
1965,rubber,2,VBP
1966,stare,2,JJ
1967,buyin',2,NN
1968,hotter,2,NN
1969,fcking,2,VBG
1970,speed,2,NN
1971,bowl,2,NN
1972,stunna,2,NN
1973,dad,2,NN
1974,advance,2,NN
1975,tuck,2,NN
1976,shop,2,NN
1977,bucket,2,NN
1978,thuggin',2,VBZ
1979,public,2,JJ
1980,bodies,2,NNS
1981,job,2,NN
1982,remix,2,VBP
1983,duckin',2,NN
1984,shotta,2,NN
1985,ugh,2,IN
1986,which,2,WDT
1987,consider,2,VBP
1988,mistake,2,NN
1989,ray,2,NN
1990,spray,2,NN
1991,flames,2,VBZ
1992,normal,2,JJ
1993,during,2,IN
1994,shines,2,NNS
1995,truckers,2,NNS
1996,villain,2,VBP
1997,blockbusters,2,NNS
1998,slick,2,VBP
1999,fifth,2,JJ
2000,trip,2,NN
2001,ink,2,NN
2002,richard,2,NN
2003,harry,2,NN
2004,carry,2,VBP
2005,column,2,NN
2006,evil,2,NN
2007,maid,2,NN
2008,rage,2,NN
2009,mentally,2,RB
2010,bee,2,JJ
2011,motherer,2,NN
2012,blick,2,NN
2013,thi,2,NN
2014,twin,2,NN
2015,mommy,2,NN
2016,bestie,2,NN
2017,sucker,2,NN
2018,dub-a,2,JJ
2019,as-salamu,2,JJ
2020,pump,2,NN
2021,mami,2,NN
2022,freebandz,2,JJ
2023,llama,2,NN
2024,whippin',2,NN
2025,number,2,NN
2026,shout,2,NN
2027,role,2,NN
2028,bill,2,NN
2029,platinum,2,VBZ
2030,coppin',2,JJ
2031,baguettes,2,NNS
2032,lambo',2,VBP
2033,it's-it's,2,JJ
2034,sister,2,NN
2035,smell,2,NN
2036,funny,2,VBZ
2037,almost,2,RB
2038,smart,2,JJ
2039,cruise,2,NN
2040,station,2,NN
2041,“i,2,NNP
2042,i’d,2,NN
2043,couch,2,JJ
2044,ceiling,2,NN
2045,that'll,2,NN
2046,thursday,2,NN
2047,york,2,NN
2048,cadillac,2,NN
2049,promo,2,NN
2050,atl,2,NN
2051,jacob,2,NN
2052,pocket,2,NN
2053,bang,2,VBD
2054,clean,2,JJ
2055,chanel,2,NN
2056,bros,2,NNS
2057,supposed,2,VBD
2058,ways,2,NNS
2059,shades,2,NNS
2060,secluded,2,VBD
2061,diluted,2,JJ
2062,superhuman,2,JJ
2063,gets,2,VBZ
2064,several,2,JJ
2065,date,2,NN
2066,somehow,2,NN
2067,wreck,2,NN
2068,tahj,2,NN
2069,wrapped,2,VBD
2070,rags,2,JJ
2071,riches,2,NNS
2072,sprite,2,VBP
2073,rare,2,JJ
2074,missin',2,NN
2075,junior,2,JJ
2076,lord,2,NN
2077,strings,2,NNS
2078,greats,2,NNS
2079,earthquake,2,NN
2080,figured,2,VBD
2081,button,2,NN
2082,dirt,2,NN
2083,reading,2,VBG
2084,toe,2,JJ
2085,triple,2,JJ
2086,refuse,2,NN
2087,second,2,JJ
2088,nope,2,NN
2089,toronto,2,IN
2090,blessing,2,VBG
2091,breath,2,NN
2092,lifetime,2,NN
2093,passed,2,VBD
2094,taxes,2,NNS
2095,nuts,2,NNS
2096,manor,2,RB
2097,rosewood,2,VBD
2098,plush,2,JJ
2099,givin',2,NN
2100,brick,2,NN
2101,lightin',2,NN
2102,tote,2,NN
2103,stretch,2,NN
2104,closet,2,NN
2105,neck,2,NN
2106,fact,2,NN
2107,loub',2,NN
2108,vui',2,NN
2109,hearse,2,NN
2110,cat,2,NN
2111,onto,2,IN
2112,fiend,2,JJ
2113,chasing,2,VBG
2114,mansion,2,NN
2115,woman,2,NN
2116,addicted,2,VBD
2117,fragrance,2,NN
2118,knowin',2,NN
2119,foul,2,JJ
2120,catchin',2,NN
2121,momma,2,NN
2122,there’s,2,NN
2123,habits,2,NNS
2124,kissing,2,VBG
2125,"it""",2,NN
2126,pin,2,NN
2127,wasted,2,VBD
2128,nights,2,NNS
2129,frozen,2,JJ
2130,tiki,2,NN
2131,bars,2,NNS
2132,tik'n,2,VBP
2133,pourin',2,NN
2134,pieces,2,NNS
2135,whitecaps,2,VBP
2136,breakin,2,JJ
2137,syrup,2,NN
2138,scamming,2,VBG
2139,checks,2,NNS
2140,scammer,2,NN
2141,chains,2,NNS
2142,bitches,2,NNS
2143,buddah,2,VBP
2144,bless,2,JJ
2145,bus,2,NN
2146,"""this",2,NNP
2147,"us""",2,NN
2148,drankin',2,NN
2149,cheatin',2,JJ
2150,tip,2,JJ
2151,private,2,JJ
2152,sideways,2,NNS
2153,metallic,2,JJ
2154,balance,2,NN
2155,hotbox,2,NN
2156,pi'erre,2,NN
2157,planned,2,VBD
2158,greased,2,VBN
2159,east,2,RB
2160,often,2,RB
2161,nothing's,2,JJ
2162,disturbin',2,NNS
2163,hypnotize,2,JJ
2164,month,2,NN
2165,silly,2,RB
2166,dj,2,JJ
2167,spider,2,JJR
2168,g-wag,2,JJ
2169,icy,2,NN
2170,drug,2,NN
2171,coughing,2,VBG
2172,"""we",2,NNP
2173,suspect,2,JJ
2174,pound,2,NN
2175,oh-ooh,2,JJ
2176,glow,2,NN
2177,pill,2,NN
2178,gym,2,VBZ
2179,luzco,2,JJ
2180,rosalía,2,NN
2181,sé,2,NN
2182,si,2,NN
2183,voy,2,NN
2184,pac,2,NN
2185,seth,2,VBD
2186,guaranteed,2,VBN
2187,mop,2,NNS
2188,twelve,2,VBP
2189,solo,2,JJ
2190,screaming,2,VBG
2191,dolo,2,NN
2192,pablo,2,NN
2193,photo,2,NN
2194,tony,2,NN
2195,manolo,2,NN
2196,popping,2,VBG
2197,flexing,2,VBG
2198,aerobics,2,NNS
2199,ballingthat,2,IN
2200,waters,2,NNS
2201,rawthis,2,VBP
2202,attitude,2,JJ
2203,hips,2,NNS
2204,onlyfans,2,NNS
2205,cheek,2,VBP
2206,texas,2,NN
2207,hyped,2,VBN
2208,price,2,NN
2209,"jeans""",2,NN
2210,mirror,2,NN
2211,"""",2,NNP
2212,knot,2,NN
2213,simon,2,NN
2214,twerk,2,NN
2215,stirred,2,VBD
2216,prolly,2,RB
2217,yah,2,JJ
2218,loop,2,NN
2219,wheel,2,NN
2220,squad,2,NN
2221,floodin',2,JJ
2222,spots,2,NNS
2223,stayin',2,VBP
2224,envy,2,JJ
2225,slip,2,NN
2226,falls,2,VBZ
2227,uh-huh,2,JJ
2228,stress,2,NN
2229,flyin',2,NN
2230,picked,2,VBD
2231,scotts,2,JJ
2232,scouts,2,NNS
2233,drought,2,JJ
2234,cleveland,2,NN
2235,eatin',2,NN
2236,glove,2,VBP
2237,thriller,2,NN
2238,satisfaction,2,NN
2239,rose,2,VBD
2240,shaky,2,JJ
2241,stuffed,2,JJ
2242,rope,2,NN
2243,andre,2,NN
2244,giant,2,JJ
2245,magazine,2,NN
2246,largest,2,JJS
2247,charges,2,NNS
2248,flawless,2,VBP
2249,bargainin',2,RB
2250,marvelous,2,JJ
2251,rolex,2,JJ
2252,teezy,2,NN
2253,um,2,JJ
2254,slime,2,NN
2255,mumps,2,NNS
2256,haiti,2,VBP
2257,famous,2,JJ
2258,steps,2,NNS
2259,millionaires,2,NNS
2260,trillionaire,2,VBP
2261,represent,2,JJ
2262,warm,2,NN
2263,grave,2,NN
2264,cake,2,VBP
2265,barber,2,NN
2266,fade,2,NN
2267,stalk,2,NN
2268,grrt,2,NN
2269,prayin',2,NN
2270,tastes,2,NNS
2271,belly,2,RB
2272,revive,2,VBP
2273,jetson,2,NN
2274,stockton,2,NN
2275,joshin',2,NN
2276,holiday,2,NN
2277,toxins,2,VBZ
2278,sportscenter,2,JJ
2279,goddamn,2,NN
2280,'gram,2,CD
2281,sharing,2,NN
2282,facts,2,NNS
2283,jackin',2,VBP
2284,bailando,2,JJ
2285,“boy,2,JJ
2286,tonight”,2,NN
2287,uh-uh-uh,2,JJ
2288,caliente,2,NN
2289,contigo,2,NN
2290,tranqui,2,IN
2291,hmm-hmm,2,JJ
2292,le,2,NN
2293,¡wuh!,2,NNP
2294,amor,2,NN
2295,está,2,NN
2296,pone,2,NN
2297,"""papi""",2,NNP
2298,papi,2,NN
2299,sí,2,NN
2300,'tá,2,POS
2301,bien,2,NN
2302,dura,2,NN
2303,natti,2,JJ
2304,aah,2,NN
2305,vamo',2,NN
2306,perrear,2,VBP
2307,corta,2,JJ
2308,﻿,1,NNP
2309,e-way,1,NN
2310,percs,1,NN
2311,recruits,1,VBZ
2312,troops,1,NNS
2313,savages,1,NNS
2314,hollow,1,VBP
2315,tips,1,NNS
2316,lungs,1,NNS
2317,kendrick,1,VBP
2318,nunn,1,JJ
2319,twenty-one,1,JJ
2320,bomb,1,NN
2321,complacent,1,NN
2322,usually,1,RB
2323,complex,1,JJ
2324,contest,1,NN
2325,compact,1,NN
2326,vietnam,1,NN
2327,brains,1,VBZ
2328,ooze,1,JJ
2329,goons,1,NNS
2330,losses,1,NNS
2331,became,1,VBD
2332,moods,1,NNS
2333,mention,1,NN
2334,awful,1,JJ
2335,mongoose,1,JJ
2336,twenty-five,1,JJ
2337,chauffeur,1,NN
2338,paranoid,1,NN
2339,paul,1,NN
2340,suburbans,1,VBZ
2341,fentanyl,1,JJ
2342,zombieland,1,NN
2343,junkies,1,NNS
2344,missed,1,VBD
2345,slap,1,RB
2346,honestly,1,RB
2347,monopoly,1,JJ
2348,usin',1,JJ
2349,lottery,1,NN
2350,ambulance,1,NN
2351,choreography,1,NN
2352,three-car,1,NN
2353,apology,1,NN
2354,ayo,1,NN
2355,chiraq,1,NN
2356,tecs,1,NN
2357,stretched,1,VBD
2358,headshots,1,NNS
2359,vest,1,JJS
2360,devastatin',1,NN
2361,homie,1,NN
2362,checked,1,VBD
2363,parents,1,NNS
2364,pressed,1,VBN
2365,path,1,NN
2366,chose,1,NN
2367,richer,1,JJR
2368,bathrooms,1,NNS
2369,twenty-two,1,JJ
2370,peoples,1,NNS
2371,victimized,1,VBN
2372,pent-up,1,JJ
2373,anger,1,NN
2374,blink,1,NN
2375,demise,1,NN
2376,shit'll,1,NN
2377,criticized,1,VBN
2378,visualize,1,JJ
2379,stories,1,NNS
2380,haunt,1,VBP
2381,l's,1,JJ
2382,pride,1,NN
2383,scored,1,VBD
2384,wesson,1,NN
2385,solidified,1,VBD
2386,rainbow,1,NN
2387,strawberry,1,NN
2388,lipstick,1,VBP
2389,brown,1,VBN
2390,skin,1,JJ
2391,lemon,1,JJ
2392,innocent,1,JJ
2393,resist,1,NN
2394,fine，through,1,IN
2395,sting,1,VBG
2396,sonny,1,JJ
2397,switchin',1,NN
2398,lanes,1,NNS
2399,curb,1,NN
2400,calm,1,NN
2401,nerves,1,NNS
2402,pumpin',1,VBP
2403,earn,1,JJ
2404,fail,1,NN
2405,meadows,1,NNS
2406,stilettos,1,VBP
2407,anytime,1,RB
2408,uzi,1,JJ
2409,vert,1,JJ
2410,brandon,1,NN
2411,hurl,1,NN
2412,nickname,1,JJ
2413,spend-it,1,JJ
2414,starlets,1,NNS
2415,yellowdol,1,VBP
2416,fenty,1,JJ
2417,riri,1,NN
2418,polo'd,1,IN
2419,three-piece,1,JJ
2420,meat,1,NN
2421,republics,1,NNS
2422,nga,1,JJ
2423,countin',1,NN
2424,lakes,1,NNS
2425,cream,1,VBP
2426,iif,1,JJ
2427,flavors,1,NNS
2428,arabian,1,JJ
2429,fixed,1,VBN
2430,visa,1,JJ
2431,roofs,1,NN
2432,suits,1,NNS
2433,cha-nay-nay,1,JJ
2434,ford,1,NN
2435,stripclub,1,NN
2436,cheap,1,JJ
2437,ngas,1,NN
2438,lens,1,VBZ
2439,broad,1,JJ
2440,fraud,1,NN
2441,one-three-hundo,1,JJ
2442,little-bitty,1,JJ
2443,offer,1,NN
2444,yajects,1,NNS
2445,pint,1,VBP
2446,nip,1,JJ
2447,bs,1,NN
2448,uncle,1,NN
2449,fronted,1,VBD
2450,p's,1,JJ
2451,birds,1,NNS
2452,birdbath,1,NN
2453,suwoop,1,NN
2454,orleans,1,VBZ
2455,voodoo,1,RB
2456,tatted,1,VBN
2457,'bach,1,CD
2458,flash,1,JJ
2459,snapchat,1,RB
2460,lemonade,1,VBD
2461,bentayga,1,JJ
2462,dojo,1,NN
2463,sensei,1,NN
2464,umbrellas,1,JJ
2465,kiddin',1,NN
2466,doubt,1,NN
2467,breeze,1,NN
2468,bone,1,NN
2469,bruises,1,VBZ
2470,fighting,1,VBG
2471,prepare,1,VB
2472,plottin,1,JJ
2473,come-up,1,JJ
2474,schemin',1,NN
2475,cope,1,NN
2476,skintone,1,NN
2477,belizean,1,JJ
2478,cold-hearted,1,JJ
2479,function,1,NN
2480,affection,1,NN
2481,bug,1,NN
2482,situations,1,NNS
2483,traumatized,1,VBD
2484,speechless,1,JJ
2485,bleedin',1,NN
2486,corny,1,NN
2487,carnival,1,NN
2488,philippe,1,NN
2489,scarin',1,NN
2490,rented,1,VBD
2491,advise,1,NN
2492,bullshit,1,NN
2493,forty,1,NN
2494,murda,1,NN
2495,reality,1,NN
2496,hug,1,NN
2497,tempt,1,NN
2498,gently,1,RB
2499,dates,1,VBZ
2500,pictures,1,NNS
2501,quickly,1,RB
2502,manipulated,1,VBD
2503,relationship,1,NN
2504,risky,1,JJ
2505,tricky,1,JJ
2506,joggers,1,NNS
2507,compliment,1,VBP
2508,father,1,RB
2509,dodge,1,NN
2510,killers,1,NNS
2511,escape,1,VBP
2512,dysfunction,1,NN
2513,scars,1,NNS
2514,thinner,1,VBP
2515,guilt,1,JJ
2516,upstairs,1,NNS
2517,fishin',1,RBR
2518,nibble,1,JJ
2519,sitttin',1,NN
2520,championship,1,NN
2521,feelin,1,NN
2522,yeehaw!,1,NN
2523,trick,1,JJ
2524,wayside,1,NN
2525,kidding,1,VBG
2526,replay,1,NN
2527,seeing,1,VBG
2528,'head,1,JJ
2529,punish,1,JJ
2530,propose,1,NN
2531,embarrass,1,NN
2532,fold,1,VBD
2533,story,1,NN
2534,we'd,1,NN
2535,tar,1,NN
2536,photoshoot,1,NN
2537,aside,1,RB
2538,hypin',1,VBD
2539,likin',1,JJ
2540,"""either",1,NNP
2541,"way""",1,NN
2542,overdrive,1,JJ
2543,turner,1,NN
2544,pages,1,NNS
2545,records,1,NNS
2546,giver,1,RB
2547,forgiving's,1,VBP
2548,art,1,JJ
2549,forgettin',1,NN
2550,rhymer,1,NN
2551,cents,1,NNS
2552,rhyme,1,VBP
2553,sings,1,NNS
2554,indecisive,1,JJ
2555,sh!t's,1,JJ
2556,illegal,1,JJ
2557,sequel,1,NN
2558,backboard,1,NN
2559,cheat,1,NN
2560,seafloor,1,JJ
2561,alicia,1,NN
2562,using,1,VBG
2563,girlfriend,1,JJ
2564,bih,1,NN
2565,callate,1,NN
2566,supernova,1,NN
2567,teamwork,1,NN
2568,juices,1,NNS
2569,reverb,1,VBP
2570,uber,1,JJ
2571,driver,1,NN
2572,revert,1,VB
2573,u-turn,1,JJ
2574,sxtape,1,NN
2575,bloopers,1,NNS
2576,trooper,1,VBP
2577,sniper,1,JJR
2578,bradley,1,NN
2579,cooper,1,NN
2580,hi,1,NN
2581,senior,1,JJ
2582,"ya""",1,NN
2583,believer,1,NN
2584,accent's,1,NN
2585,badder,1,NN
2586,brake,1,NN
2587,diver,1,NN
2588,creeping,1,VBG
2589,jaw,1,NN
2590,chattanooga,1,NN
2591,freight,1,NN
2592,chevrolet,1,NN
2593,tracks,1,NNS
2594,maple,1,VBP
2595,limb,1,JJ
2596,river,1,NN
2597,burinin',1,NN
2598,chaisn',1,VBZ
2599,santa,1,JJ
2600,fe,1,NN
2601,tracked,1,VBD
2602,radio,1,JJ
2603,plane,1,NN
2604,lobby,1,NN
2605,underground,1,NN
2606,garages,1,VBZ
2607,suite,1,JJ
2608,deposit,1,NN
2609,elevator,1,NN
2610,phones,1,NNS
2611,chubbs,1,VBP
2612,galleria,1,JJ
2613,swipes,1,NNS
2614,arrival,1,JJ
2615,survival,1,JJ
2616,viral,1,JJ
2617,waiter,1,NN
2618,meal,1,NN
2619,"typo""",1,NN
2620,images,1,NNS
2621,amex,1,VBP
2622,sinnin',1,JJ
2623,stickin',1,NN
2624,backstage,1,NN
2625,upside,1,RB
2626,doomed,1,VBD
2627,get-go,1,JJ
2628,actually,1,RB
2629,believing,1,VBG
2630,magic,1,JJ
2631,hopes,1,NNS
2632,attic,1,JJ
2633,hail,1,NN
2634,mary,1,NN
2635,"mine""",1,NN
2636,passing,1,VBG
2637,"eyes""",1,JJ
2638,monkey,1,NN
2639,dancin’,1,NN
2640,forgiveness,1,NN
2641,health,1,NN
2642,earth,1,NN
2643,',1,''
2644,husband,1,NN
2645,short,1,JJ
2646,sucks,1,NNS
2647,younger,1,JJR
2648,cheer,1,NN
2649,videos,1,IN
2650,bark,1,NN
2651,sneak,1,NN
2652,exactly,1,RB
2653,sundays,1,VBZ
2654,mondays,1,NNS
2655,outro,1,IN
2656,beabadoobee,1,JJ
2657,mascara,1,NN
2658,one-too-many,1,JJ
2659,headache,1,NN
2660,drawer,1,NN
2661,laugh,1,IN
2662,drove,1,NN
2663,crying,1,NN
2664,traphouse,1,NN
2665,mob,1,NN
2666,packing,1,VBG
2667,automatics,1,NNS
2668,gay,1,JJ
2669,comments,1,NNS
2670,fifties,1,NNS
2671,island,1,VBP
2672,snatchin',1,NN
2673,brody,1,NN
2674,denied,1,VBD
2675,d-nice,1,JJ
2676,glock-,1,JJ
2677,bnb,1,NN
2678,nappy,1,JJ
2679,weapon,1,NN
2680,corrections,1,NNS
2681,third-string,1,JJ
2682,dreamer,1,JJ
2683,second-place,1,NN
2684,wheels,1,NNS
2685,steam,1,VBP
2686,coach,1,NN
2687,resort,1,NN
2688,prom,1,IN
2689,thanks,1,NNS
2690,ex-boyfriend,1,VBP
2691,pawned,1,JJ
2692,"do""",1,NN
2693,remembered,1,VBD
2694,worn-out,1,NN
2695,granddaddy,1,NN
2696,mama's,1,NN
2697,bible,1,JJ
2698,daddy's,1,JJ
2699,vinyl,1,NN
2700,first-fish-catching,1,JJ
2701,zebco,1,NN
2702,working,1,VBG
2703,thing's,1,NN
2704,major,1,JJ
2705,crown,1,NN
2706,riskin',1,NN
2707,genuinely,1,RB
2708,denims,1,VBZ
2709,disguise,1,NN
2710,clips,1,NNS
2711,taper,1,IN
2712,trim,1,JJ
2713,inherit,1,NN
2714,input,1,NN
2715,slipped,1,VBD
2716,artwork,1,NN
2717,signed,1,VBN
2718,contract,1,NN
2719,carmelo,1,NN
2720,blitz,1,NN
2721,stall,1,NN
2722,involved,1,VBN
2723,rips,1,NNS
2724,tylenol,1,VBP
2725,'nem,1,CD
2726,tweak,1,JJ
2727,one-eighty,1,JJ
2728,heartbreak,1,NN
2729,ended,1,VBN
2730,lines,1,NNS
2731,shed,1,VBN
2732,across,1,IN
2733,seemed,1,VBN
2734,taken,1,VBN
2735,letter,1,NN
2736,mail,1,NN
2737,ripped,1,VBD
2738,flushed,1,JJ
2739,tissue,1,NN
2740,human,1,JJ
2741,issues,1,NNS
2742,confident,1,JJ
2743,sympathy,1,JJ
2744,btch,1,NN
2745,stages,1,NNS
2746,og's,1,VBP
2747,salute,1,JJ
2748,stylist,1,NN
2749,robbers,1,NNS
2750,lamborghinis,1,VBP
2751,cracking,1,VBG
2752,rapping,1,VBG
2753,trapping,1,VBG
2754,active,1,JJ
2755,'posed,1,VBN
2756,niece,1,RB
2757,"""of",1,JJ
2758,"course""",1,NN
2759,dealt,1,VBD
2760,force,1,NN
2761,pair,1,NN
2762,diors,1,NNS
2763,revenue,1,NN
2764,tools,1,NNS
2765,blew,1,VBD
2766,trackhawk,1,JJ
2767,nipsey,1,JJ
2768,scheming,1,VBG
2769,dreaming,1,VBG
2770,joy,1,NN
2771,scoring,1,VBG
2772,honest,1,JJS
2773,might've,1,NN
2774,golden,1,JJ
2775,noticed,1,VBN
2776,underwater,1,JJ
2777,somebody's,1,NN
2778,coulda,1,NN
2779,yesterday,1,NN
2780,drown,1,IN
2781,speeding,1,VBG
2782,swore,1,NN
2783,exceptions,1,NNS
2784,exception,1,VBP
2785,kaniel,1,NN
2786,laid,1,NN
2787,parked,1,VBD
2788,both：,1,JJ
2789,overseas,1,JJ
2790,yeet,1,NN
2791,orange,1,IN
2792,freaky-bom-bom,1,JJ
2793,switching,1,VBG
2794,brush,1,NN
2795,tatas,1,NNS
2796,choosing,1,VBG
2797,bh,1,NN
2798,pose,1,JJ
2799,split,1,NN
2800,band,1,NN
2801,dash,1,NN
2802,capalot,1,NN
2803,tay,1,NN
2804,keith,1,FW
2805,jug,1,NN
2806,class,1,NN
2807,highspeeds,1,NNS
2808,chi',1,VBP
2809,stojaković,1,JJ
2810,applyin',1,NN
2811,dropping,1,VBG
2812,glocks,1,NNS
2813,focusin',1,VBP
2814,classic,1,JJ
2815,stu',1,NN
2816,polo,1,NN
2817,skinny,1,JJ
2818,dreads,1,NNS
2819,climb,1,VBP
2820,rockets,1,NNS
2821,fumble,1,JJ
2822,mask,1,NN
2823,racin',1,NN
2824,foreigns,1,JJ
2825,tire,1,NN
2826,marks,1,NNS
2827,asphalt,1,VBP
2828,knockin,1,FW
2829,mac,1,NN
2830,freezin',1,NN
2831,frost,1,NN
2832,vegas,1,NN
2833,doa,1,JJ
2834,fought,1,JJ
2835,budget,1,NN
2836,sport,1,NN
2837,gunplay,1,NN
2838,adopt,1,NN
2839,dealers,1,NNS
2840,xan,1,VBP
2841,descent,1,JJ
2842,choir,1,NN
2843,clutchin',1,NN
2844,chagin',1,NN
2845,suect,1,NN
2846,grew,1,VBD
2847,rugged,1,VBN
2848,tussin',1,JJ
2849,temptation,1,NN
2850,david,1,NN
2851,ruffin,1,NN
2852,wrappin',1,NN
2853,wacked,1,VBD
2854,dont,1,JJ
2855,stoppin,1,NN
2856,licked,1,VBD
2857,broomstick,1,JJ
2858,netflix,1,NN
2859,scratch,1,NN
2860,checklist,1,NN
2861,craiglist,1,NN
2862,draws,1,NN
2863,nothin,1,IN
2864,strapped,1,VBD
2865,testos,1,NNS
2866,dodda,1,JJ
2867,bombs,1,JJ
2868,al-qaeda,1,JJ
2869,swallow,1,NN
2870,alcohol,1,NN
2871,deck,1,NN
2872,dealer,1,NN
2873,squad's,1,NN
2874,zombie,1,NN
2875,apocalypse,1,NN
2876,bobby,1,NN
2877,"brain""",1,NN
2878,heenan,1,NN
2879,wrestle,1,NN
2880,mania,1,NN
2881,shady's,1,NN
2882,posse'd,1,NN
2883,costly,1,JJ
2884,sleepin',1,NN
2885,insomnia,1,JJ
2886,adhd,1,NN
2887,hydroxycut,1,NN
2888,courvoisi',1,NN
2889,aa,1,NN
2890,melee,1,NN
2891,playdate,1,NN
2892,vacate,1,NN
2893,retreat,1,NN
2894,mayday,1,JJ
2895,cray-cray,1,JJ
2896,h-a-h-a-h-a,1,JJ
2897,tame,1,NN
2898,placate,1,JJ
2899,product,1,NN
2900,rick,1,NN
2901,onyx,1,NN
2902,appalled,1,VBD
2903,impossible,1,JJ
2904,list,1,NN
2905,midst,1,NN
2906,mental,1,JJ
2907,hospital,1,NN
2908,crystal,1,NN
2909,risperdal,1,JJ
2910,voices,1,NNS
2911,whisper,1,VBP
2912,fist,1,NN
2913,balled,1,VBD
2914,wall,1,NN
2915,pencil,1,NN
2916,drawn,1,VBN
2917,ballistic,1,JJ
2918,missile,1,NN
2919,launcher,1,RBR
2920,loch,1,JJ
2921,ness,1,JJ
2922,mythological,1,JJ
2923,screw,1,NN
2924,twist,1,NN
2925,index,1,NN
2926,prostate,1,VB
2927,exam,1,NN
2928,'xam,1,CD
2929,fans,1,NNS
2930,perspire,1,VBP
2931,liar's,1,JJ
2932,retire,1,NN
2933,admire,1,NN
2934,chicks,1,NNS
2935,spazzin',1,VBP
2936,handsome,1,JJ
2937,flier,1,NN
2938,passin',1,NN
2939,flyers,1,NNS
2940,blades,1,VBP
2941,chainsaw,1,JJ
2942,flap,1,JJ
2943,bat,1,NN
2944,baseball,1,NN
2945,kid,1,NN
2946,diddy,1,VBZ
2947,cheese,1,JJ
2948,cakewalk,1,NNS
2949,cheesecake,1,VBP
2950,stingy,1,JJ
2951,cher,1,JJR
2952,lend,1,NN
2953,pretending,1,VBG
2954,marry,1,NN
2955,she'll,1,JJ
2956,bury,1,NN
2957,genital,1,JJ
2958,original,1,JJ
2959,ramirez,1,NN
2960,rivera,1,NN
2961,lyrics,1,NNS
2962,paraplegic,1,JJ
2963,caray,1,NN
2964,merriam,1,NN
2965,dictionary,1,JJ
2966,swearing,1,VBG
2967,hilarious,1,JJ
2968,obituary,1,JJ
2969,staring,1,NN
2970,shaft,1,NN
2971,steering,1,VBG
2972,trigger,1,JJR
2973,meets,1,NNS
2974,means,1,VBZ
2975,fat,1,JJ
2976,petes,1,NNS
2977,maxi,1,VBP
2978,attracts,1,VBZ
2979,apache,1,JJ
2980,catchy,1,NN
2981,jingle,1,NN
2982,chips,1,NNS
2983,half-eaten,1,JJ
2984,cheeto,1,NN
2985,eliminate,1,NN
2986,murderin',1,NN
2987,evade,1,VBD
2988,dump,1,NN
2989,obliterating,1,VBG
2990,incinerate,1,JJ
2991,renegade,1,NN
2992,pen,1,VB
2993,anyway,1,RB
2994,beginnin',1,NN
2995,ill,1,JJ
2996,attila,1,JJ
2997,vanilla,1,NN
2998,gorilla,1,NN
2999,within,1,IN
3000,enemy,1,NN
3001,receiving,1,VBG
3002,stupidity,1,NN
3003,it'd,1,NN
3004,me's,1,VBD
3005,epitome,1,JJ
3006,vicinity,1,NN
3007,unfadable,1,JJ
3008,battle,1,NN
3009,available,1,JJ
3010,inflatable,1,JJ
3011,undebatable,1,JJ
3012,unavoidable,1,JJ
3013,unevadable,1,JJ
3014,toilet,1,NN
3015,trailer,1,NN
3016,the—,1,NN
3017,plannin',1,NN
3018,chicken,1,NN
3019,chops,1,NNS
3020,bratatatata,1,VBP
3021,dayday,1,JJ
3022,diddybop,1,NN
3023,chachachachacha,1,NN
3024,knuckle,1,NN
3025,yadayadaya,1,NN
3026,grrrr,1,NN
3027,dummy,1,NN
3028,ugly,1,RB
3029,bachata,1,JJ
3030,chacha,1,NN
3031,grrr,1,NN
3032,bapa,1,NN
3033,adios,1,NNS
3034,malo,1,VBP
3035,freca,1,JJ
3036,pilot,1,NN
3037,virus,1,NN
3038,that’s,1,NN
3039,bite,1,NN
3040,he’s,1,NN
3041,she’s,1,NN
3042,ahaha,1,IN
3043,tweeting,1,VBG
3044,trending,1,VBG
3045,ratted,1,JJ
3046,addies,1,NNS
3047,coma,1,VBP
3048,diploma,1,NN
3049,daytona,1,NN
3050,ronald,1,NN
3051,mcdonald's,1,NN
3052,reserve,1,NN
3053,outs,1,VBZ
3054,models,1,NNS
3055,rings,1,NNS
3056,dipped,1,VBD
3057,emilio,1,JJ
3058,pucci,1,NN
3059,crashed,1,VBD
3060,mll',1,JJ
3061,hi-tech,1,JJ
3062,cashin',1,NN
3063,clearer,1,NN
3064,pátron,1,NN
3065,load,1,NN
3066,viper,1,IN
3067,upset,1,JJ
3068,corvette,1,NN
3069,perfume,1,NN
3070,crowds,1,NN
3071,number's,1,IN
3072,swing,1,VBG
3073,dragging,1,VBG
3074,ysl,1,JJ
3075,saint,1,NN
3076,laurent,1,NN
3077,curve,1,NN
3078,spark,1,NN
3079,flex,1,JJ
3080,uranus,1,NN
3081,kneel,1,NN
3082,charles,1,NNS
3083,drag,1,VBP
3084,racer,1,NN
3085,glidin',1,NN
3086,parquet,1,NN
3087,kilo,1,NN
3088,mink,1,VBP
3089,coat,1,NN
3090,henny,1,NN
3091,coke-coke,1,JJ
3092,alpo,1,JJ
3093,har-har-har-harlem,1,JJ
3094,speaker,1,NN
3095,bangers,1,NNS
3096,’cause,1,VBP
3097,hakeem,1,NN
3098,slapped,1,VBD
3099,clowns,1,NNS
3100,soldier”,1,JJ
3101,aggression,1,NN
3102,abandoned,1,VBD
3103,adolescence,1,NN
3104,lied,1,VBD
3105,backstabbed,1,JJ
3106,prayin’,1,JJ
3107,ocean,1,NN
3108,committing,1,VBG
3109,crimes,1,NNS
3110,nana,1,JJ
3111,starin',1,NN
3112,tryin’,1,NN
3113,millions,1,NNS
3114,rainy,1,VBP
3115,definitely,1,RB
3116,tuesday,1,JJ
3117,wednesday,1,NN
3118,burned,1,VBD
3119,skyline,1,JJ
3120,fireflies,1,NNS
3121,tennessee,1,VBP
3122,sipped,1,JJ
3123,horns,1,NNS
3124,sat,1,VBD
3125,dozen,1,NN
3126,islands,1,NNS
3127,sink,1,VBP
3128,malibu,1,JJ
3129,gift,1,NN
3130,one-day-some-days,1,JJ
3131,they'd,1,JJ
3132,chane'-ne',1,JJ
3133,dio'-o',1,JJ
3134,rise,1,NN
3135,four-four,1,JJ
3136,cocoa,1,NN
3137,versac',1,NN
3138,sidewalk,1,NN
3139,loft,1,JJ
3140,mornin',1,NN
3141,megan,1,NN
3142,divided,1,VBD
3143,valley,1,NN
3144,sneakers,1,NNS
3145,kenzo,1,VBP
3146,limbo,1,JJ
3147,timbo,1,JJ
3148,go-go-go,1,JJ
3149,mode,1,NN
3150,jugg,1,NN
3151,jo-jo,1,NN
3152,geeked,1,VBD
3153,astronaut,1,JJ
3154,perky,1,JJ
3155,medics,1,NNS
3156,becky,1,JJ
3157,baguetties,1,NNS
3158,presi',1,VBP
3159,houston,1,NN
3160,kareem,1,VBP
3161,rocket,1,NN
3162,robbin',1,NN
3163,proceed,1,VBP
3164,cautious,1,JJ
3165,court,1,NN
3166,brr,1,VBD
3167,scotty,1,JJ
3168,boujee,1,NN
3169,coogi,1,NN
3170,zoovie,1,NN
3171,cuttin',1,NN
3172,fully,1,RB
3173,loaded,1,VBN
3174,magazines,1,NNS
3175,shoutout,1,RB
3176,'wood,1,CD
3177,cards,1,NNS
3178,visas,1,JJ
3179,tablets,1,NNS
3180,hook,1,VBP
3181,random,1,JJ
3182,social,1,JJ
3183,awkward,1,NN
3184,two-step,1,NN
3185,oceans,1,NNS
3186,trojan,1,VBP
3187,slogan,1,JJ
3188,"""who's",1,NNP
3189,"there""",1,NN
3190,wit',1,NN
3191,emo,1,VBD
3192,go-,1,JJ
3193,you!,1,JJ
3194,highway,1,NN
3195,sing,1,VBG
3196,turns,1,NNS
3197,blur,1,NN
3198,shows,1,VBZ
3199,pic,1,VBP
3200,hanging,1,VBG
3201,hurtin',1,NN
3202,warnin,1,NN
3203,dmac,1,NN
3204,rush,1,NN
3205,label,1,NN
3206,angle,1,NN
3207,trauma,1,NN
3208,unstable,1,JJ
3209,tangled,1,VBN
3210,overthinkin',1,RB
3211,painful,1,JJ
3212,decision,1,NN
3213,fatal,1,JJ
3214,hidden,1,JJ
3215,messages,1,NNS
3216,conversations,1,NNS
3217,angels,1,NNS
3218,betrayal,1,VBP
3219,phase,1,NN
3220,hisself,1,PRP
3221,droppin',1,VBP
3222,proper,1,JJ
3223,criticism,1,NN
3224,uses,1,VBZ
3225,auntie,1,RB
3226,molested,1,VBN
3227,messed,1,VBN
3228,spendin',1,NN
3229,annoyed,1,VBN
3230,destroyed,1,VBN
3231,woods,1,NNS
3232,fish,1,JJ
3233,bobber,1,NN
3234,intended,1,VBN
3235,barbecue,1,NN
3236,steak,1,NN
3237,fries,1,NNS
3238,styrofoam,1,VBP
3239,plate,1,NN
3240,george,1,NN
3241,strait,1,VBP
3242,turnin',1,NN
3243,pedal,1,JJ
3244,alabama,1,NN
3245,skynyrd,1,VBD
3246,downtown,1,JJ
3247,four-lane,1,JJ
3248,strin's,1,NN
3249,lyric,1,JJ
3250,yee!,1,NN
3251,distracted,1,VBN
3252,television,1,NN
3253,communication,1,NN
3254,imagine,1,JJ
3255,reaction,1,NN
3256,scare,1,NN
3257,stumbled,1,VBD
3258,rippin',1,NN
3259,snap,1,JJ
3260,concrete,1,JJ
3261,hour,1,NN
3262,collar,1,JJ
3263,disappear,1,NN
3264,sand,1,NN
3265,beach,1,NN
3266,regret,1,JJ
3267,loss,1,NN
3268,oblivious,1,JJ
3269,ashamed,1,VBD
3270,mom,1,JJ
3271,ovation,1,NN
3272,create,1,NN
3273,muse,1,NN
3274,bosss,1,NN
3275,approval,1,NN
3276,refusal,1,NN
3277,sponsor,1,NN
3278,colorado,1,VBD
3279,are-,1,JJ
3280,quavo,1,NN
3281,pretendin',1,NN
3282,settin',1,NN
3283,goals,1,NNS
3284,'pendent,1,JJ
3285,bidness,1,JJ
3286,fifty-fifty,1,JJ
3287,percentage,1,NN
3288,admitted,1,VBD
3289,witness,1,RB
3290,fitted,1,VBN
3291,uh-uh,1,JJ
3292,ooh-ooh-ooh,1,JJ
3293,counting,1,NN
3294,throwing,1,VBG
3295,darling,1,VBG
3296,gives,1,VBZ
3297,finding,1,VBG
3298,leting,1,VBG
3299,go（and,1,NN
3300,starting,1,VBG
3301,heavy,1,JJ
3302,michael's,1,NNS
3303,julie,1,VBP
3304,nervous,1,JJ
3305,asking',1,JJ
3306,bunker,1,NN
3307,numbered,1,VBD
3308,texts,1,JJ
3309,cheapskate,1,NN
3310,release,1,NN
3311,twice,1,RB
3312,fbg,1,RB
3313,forbid,1,JJ
3314,flips,1,NNS
3315,granny,1,VBP
3316,haywire,1,NN
3317,taliban,1,NN
3318,desert,1,NN
3319,sent,1,VBD
3320,convicts,1,NNS
3321,enrolles,1,NNS
3322,f&n,1,VBP
3323,nonsense,1,JJ
3324,osama,1,NN
3325,sprayed,1,VBD
3326,candlelight,1,JJ
3327,pj,1,NN
3328,sticky,1,JJ
3329,high-class,1,NN
3330,chandelier,1,NN
3331,languages,1,VBZ
3332,promethazine,1,VBP
3333,percocet,1,JJ
3334,serene,1,JJ
3335,tremndo,1,NN
3336,fettuccini,1,NN
3337,clarity,1,NN
3338,pinky,1,NN
3339,ordered,1,VBD
3340,fiji,1,JJ
3341,pussy,1,JJ
3342,murk,1,NN
3343,cost,1,NN
3344,birthed,1,VBD
3345,maniac,1,JJ
3346,alien,1,JJ
3347,spurt,1,NN
3348,kitty,1,JJ
3349,bentlet,1,NN
3350,lockjaw,1,NN
3351,lilkdubb,1,NN
3352,worst,1,JJS
3353,protect,1,VBP
3354,second-guessed,1,JJ
3355,martin,1,NN
3356,gina,1,NN
3357,scenes,1,NNS
3358,finer,1,RBR
3359,h&m,1,JJ
3360,kdubb,1,NN
3361,sexually,1,RB
3362,shopping,1,VBG
3363,sprees,1,NNS
3364,therapy,1,NN
3365,sometime,1,RB
3366,bear,1,JJ
3367,beauty,1,NN
3368,makeup,1,NN
3369,vow,1,NN
3370,explain,1,VBP
3371,versus,1,IN
3372,competition,1,NN
3373,compete,1,JJ
3374,lease,1,NN
3375,choppers,1,NNS
3376,splatt,1,VBP
3377,rack,1,NN
3378,seuss,1,NN
3379,booty,1,NN
3380,poke,1,VBD
3381,snatch,1,NN
3382,plant,1,NN
3383,higher,1,RBR
3384,rent,1,NN
3385,doubled,1,VBD
3386,question,1,NN
3387,tech,1,NN
3388,z,1,NN
3389,obsessed,1,VBD
3390,r,1,NN
3391,bo,1,NN
3392,hog,1,NN
3393,lane,1,NN
3394,thermostat,1,NN
3395,whacked,1,VBD
3396,moneybagg,1,JJ
3397,runtz,1,NN
3398,bundle,1,NN
3399,plaque,1,NN
3400,worryin',1,NN
3401,keys,1,NNS
3402,benzo,1,VBP
3403,clothes,1,NNS
3404,insurance,1,NN
3405,noodle,1,JJ
3406,mein,1,NN
3407,believed,1,VBD
3408,december,1,RB
3409,hatred,1,VBN
3410,powerful,1,JJ
3411,ember,1,VB
3412,its,1,PRP$
3413,lighting,1,VBG
3414,torches,1,NNS
3415,goin,1,JJ
3416,older,1,JJR
3417,reputation,1,NN
3418,insatiable,1,NN
3419,kissed,1,VBD
3420,cabello/dababy,1,NN
3421,dababy/camila,1,NN
3422,dababy,1,NN
3423,tripping,1,VBG
3424,li',1,JJ
3425,beamer,1,NN
3426,"""no",1,NNP
3427,disrespect,1,NN
3428,fresh,1,JJ
3429,bieber,1,NN
3430,fever,1,NN
3431,regrets,1,NNS
3432,begins,1,VBZ
3433,there'd,1,JJ
3434,buffett,1,NN
3435,bloodshot,1,NN
3436,cares,1,NNS
3437,sunburn,1,VBP
3438,screamin,1,JJ
3439,marley,1,NN
3440,chesney,1,NN
3441,freeband,1,NN
3442,stains,1,VBZ
3443,metalllic,1,JJ
3444,ex-college,1,JJ
3445,ship,1,NN
3446,darlin',1,NN
3447,hydrant,1,JJ
3448,rollercoaster,1,NN
3449,dreamy,1,JJ
3450,effect,1,NN
3451,edge,1,NN
3452,collect,1,VBP
3453,lived,1,VBN
3454,stilts,1,NNS
3455,van,1,JJ
3456,wagen,1,NN
3457,kawhi,1,NN
3458,sicko,1,NN
3459,breakin',1,NN
3460,tens,1,VBZ
3461,antisocial,1,JJ
3462,beachfront,1,NN
3463,tannin',1,NN
3464,capo,1,NN
3465,rapper,1,NN
3466,'cept,1,POS
3467,raf,1,NN
3468,simons,1,NNS
3469,dentist,1,VBP
3470,lam',1,JJ
3471,board,1,NN
3472,textin',1,NN
3473,ignore,1,VBP
3474,boo’d,1,NN
3475,meth,1,NNS
3476,lokos,1,VBP
3477,gimme,1,NN
3478,“you,1,NNP
3479,means“,1,NN
3480,above,1,IN
3481,therefore,1,RB
3482,rocky,1,JJ
3483,"""be",1,NNP
3484,"cool""",1,NN
3485,fluently,1,RB
3486,casually,1,RB
3487,pimpin',1,JJ
3488,zero,1,CD
3489,worship,1,NN
3490,preacher's,1,NN
3491,vibin',1,FW
3492,starvin',1,NN
3493,%,1,NN
3494,odds,1,JJ
3495,tennis,1,NN
3496,with-,1,JJ
3497,ooh-wee,1,JJ
3498,saying,1,VBG
3499,wink,1,NN
3500,touching,1,VBG
3501,teasing,1,VBG
3502,telling,1,VBG
3503,diva,1,JJ
3504,fiesty,1,JJ
3505,eyebrow,1,NN
3506,order,1,NN
3507,mojito,1,VBD
3508,re-apply,1,NN
3509,lippy,1,JJ
3510,plays,1,VBZ
3511,favourite,1,JJ
3512,kanye's,1,NNS
3513,beckoning,1,VBG
3514,whispering,1,VBG
3515,jamaica,1,NN
3516,tag,1,NN
3517,snipers,1,NNS
3518,dip,1,VBP
3519,"""woo""",1,JJ
3520,professional,1,JJ
3521,deja,1,NN
3522,vu,1,NN
3523,decimals,1,NNS
3524,spaz,1,VBP
3525,bagged,1,VBN
3526,plentiful,1,JJ
3527,interview,1,NN
3528,growing,1,VBG
3529,fendi,1,JJ
3530,ritual,1,JJ
3531,passport,1,NN
3532,animals,1,NNS
3533,addy-ied,1,JJ
3534,gassed,1,JJ
3535,temperature,1,NN
3536,rows,1,VBZ
3537,identical,1,JJ
3538,hi-tec,1,JJ
3539,splash,1,NN
3540,raids,1,NNS
3541,enjoy,1,VBP
3542,toxic,1,JJ
3543,cuban,1,JJ
3544,links,1,NNS
3545,hockey,1,VBP
3546,screen,1,JJ
3547,saucy,1,JJ
3548,pro,1,JJ
3549,range,1,NN
3550,joffrey,1,NN
3551,smokin,1,FW
3552,sheisty,1,JJ
3553,piss,1,NN
3554,sticking,1,VBG
3555,kong,1,JJ
3556,posse,1,NN
3557,tracking,1,VBG
3558,robbery,1,NN
3559,according,1,VBG
3560,tellers,1,NNS
3561,handed,1,VBD
3562,note,1,NN
3563,"""put",1,NNP
3564,"bag""""",1,NN
3565,tank,1,NN
3566,sprayin',1,NN
3567,'im,1,POS
3568,child,1,NN
3569,freezing,1,VBG
3570,deceiving,1,NN
3571,may,1,MD
3572,wheezing,1,VB
3573,bleeding,1,VBG
3574,anxious,1,JJ
3575,moons,1,NNS
3576,attack,1,VBP
3577,swim,1,JJ
3578,inhale,1,JJ
3579,exhale,1,NN
3580,speeds,1,NNS
3581,thrill,1,VBP
3582,laps,1,NNS
3583,reebook,1,VB
3584,estilista,1,JJ
3585,guay,1,NN
3586,niego,1,NN
3587,porque,1,NN
3588,hay,1,NN
3589,ve,1,NN
3590,pregunta,1,NN
3591,na',1,JJ
3592,perdí,1,NN
3593,tengo,1,NN
3594,claro,1,NN
3595,canelo,1,NN
3596,nada,1,JJ
3597,asusta,1,NN
3598,vivo,1,NN
3599,base,1,NN
3600,paz,1,NN
3601,tumban,1,NN
3602,hakuna,1,NN
3603,matata,1,NN
3604,timón,1,NN
3605,pumba,1,NN
3606,leyenda,1,NN
3607,así,1,JJ
3608,dale,1,NN
3609,zumba,1,NN
3610,dejo,1,NN
3611,ciego',1,NN
3612,vibra,1,NN
3613,alumbra,1,NN
3614,tumba,1,NN
3615,nosotros,1,JJ
3616,rumba,1,NN
3617,ra,1,NN
3618,rebels,1,NNS
3619,waka,1,VBP
3620,scenario,1,NN
3621,merry,1,NN
3622,rooftop,1,VB
3623,pedestal,1,JJ
3624,medical,1,JJ
3625,hahaha!,1,NN
3626,rebel,1,NN
3627,improved,1,VBD
3628,buildin',1,JJ
3629,legos,1,JJ
3630,therapist,1,NN
3631,movin's,1,NN
3632,narrative,1,JJ
3633,earned,1,VBN
3634,"""you",1,JJ
3635,"lay""",1,JJ
3636,buckets,1,NNS
3637,talked,1,VBD
3638,youngest,1,JJS
3639,loot,1,NN
3640,boom,1,NN
3641,ptsd,1,NN
3642,waking',1,NN
3643,sweats,1,NNS
3644,suburban,1,VBP
3645,detergent,1,NN
3646,jersey,1,NN
3647,flipped,1,VBD
3648,lopsided,1,JJ
3649,rebound,1,NN
3650,dennis,1,NN
3651,fooled,1,VBD
3652,horsepower,1,JJR
3653,yard,1,NN
3654,dogs'll,1,NN
3655,chin,1,NN
3656,suv,1,NN
3657,refugees,1,NNS
3658,block's,1,VBP
3659,thirty-thousand,1,JJ
3660,wan't,1,NN
3661,on锛孻ou,1,VBD
3662,degree,1,JJ
3663,chef's,1,NN
3664,mwah,1,NN
3665,bon,1,NN
3666,appétit,1,NN
3667,account,1,NN
3668,match,1,NN
3669,uhh,1,NN
3670,gaggin',1,NN
3671,"movie""",1,NN
3672,"key""",1,NN
3673,bled,1,VBD
3674,tunechi,1,JJ
3675,mood,1,NN
3676,tik,1,NN
3677,tok,1,NN
3678,here's,1,NN
3679,ivy,1,NN
3680,write,1,JJ
3681,argue,1,JJ
3682,leader,1,NN
3683,two-seater,1,JJ
3684,tina,1,NN
3685,yeahh,1,NN
3686,beyoncé,1,NN
3687,"""damn",1,NNP
3688,dl,1,NN
3689,fatty,1,RB
3690,messin',1,JJ
3691,"boo""",1,NN
3692,says,1,VBZ
3693,cameras,1,NNS
3694,comparison,1,NN
3695,scammers,1,NNS
3696,woodgrain,1,VBP
3697,curves,1,NNS
3698,"""brrr""",1,VBP
3699,brrr,1,JJ
3700,cross-word,1,JJ
3701,woahh,1,NN
3702,mopped,1,VBD
3703,i-,1,JJ
3704,h-town,1,JJ
3705,doja,1,NN
3706,everytime,1,NN
3707,boring,1,VBG
3708,naomi,1,JJ
3709,cassie,1,NN
3710,lauren,1,NNS
3711,weezy,1,VBP
3712,foxy,1,JJ
3713,lauryn,1,NN
3714,ram,1,NN
3715,gordon,1,NN
3716,fallin,1,VBD
3717,ass-shots,1,JJ
3718,cheeky,1,NN
3719,keke,1,NN
3720,gepetto对gepetto,1,NN
3721,where's,1,NN
3722,stiletto,1,NN
3723,jordan,1,NN
3724,retros,1,NN
3725,bi,1,NN
3726,hetero,1,NN
3727,cookie,1,NN
3728,felony,1,NN
3729,speeling,1,VBG
3730,impressed,1,JJ
3731,zip,1,NN
3732,steal,1,NN
3733,pushin,1,IN
3734,beating,1,VBG
3735,bush,1,JJ
3736,hating,1,NN
3737,committed,1,VBN
3738,realer,1,JJ
3739,body-ody,1,JJ
3740,net,1,JJ
3741,gross,1,JJ
3742,fillers,1,NNS
3743,silicone,1,VBP
3744,mille,1,JJ
3745,tick,1,NN
3746,film,1,NN
3747,dotta,1,NN
3748,o'clock,1,NN
3749,clocked,1,VBD
3750,pure-cut,1,JJ
3751,drill,1,NN
3752,ladies,1,NNS
3753,coronavirus,1,VBP
3754,bandos,1,JJ
3755,choos,1,NN
3756,solitaries,1,NNS
3757,group,1,NN
3758,watches,1,NNS
3759,naked,1,VBD
3760,radical,1,JJ
3761,decisions,1,NNS
3762,dogs,1,NNS
3763,hungry,1,JJ
3764,tend,1,VBP
3765,stiff,1,JJ
3766,youngin',1,NN
3767,rules,1,NNS
3768,sipping,1,VBG
3769,lamborgini,1,NN
3770,juicy,1,NN
3771,grippin',1,NN
3772,psychiatrist,1,NN
3773,narcotics,1,NNS
3774,humpin',1,VBP
3775,limp,1,JJ
3776,drops,1,NNS
3777,twinsies,1,NNS
3778,hugh,1,VBP
3779,hefner,1,NN
3780,zoo,1,NN
3781,twinkle,1,NN
3782,jacuzzi,1,NN
3783,max,1,NN
3784,havin,1,NN
3785,strike,1,NN
3786,sun's,1,NN
3787,world's,1,NN
3788,endin,1,NN
3789,wantin',1,NN
3790,ced,1,VBD
3791,n,1,JJ
3792,millionaire,1,NN
3793,babies,1,NNS
3794,’bout,1,IN
3795,oversea,1,NN
3796,moshpits,1,NNS
3797,office,1,NN
3798,dolla,1,NN
3799,spar,1,NN
3800,legit,1,NN
3801,robbed,1,VBD
3802,eviction,1,NN
3803,houses,1,NNS
3804,muhin',1,VBP
3805,dominique,1,JJ
3806,inch,1,NN
3807,mile,1,RB
3808,technical,1,JJ
3809,squat,1,NN
3810,bottles,1,NNS
3811,followed,1,VBD
3812,breathin',1,JJ
3813,"can't""",1,JJ
3814,rat,1,NN
3815,peep,1,JJ
3816,moves,1,NNS
3817,fourty,1,VBP
3818,fakin',1,JJ
3819,forty-two,1,JJ
3820,skraight,1,NN
3821,harrassin',1,NN
3822,doubted,1,VBD
3823,handlin',1,NN
3824,vouch,1,JJ
3825,wit,1,NN
3826,"""stop",1,NNP
3827,"breathin'""",1,NN
3828,speakin',1,NN
3829,'ventador,1,POS
3830,raps,1,NNS
3831,coupes,1,VBZ
3832,digits,1,NNS
3833,savin',1,VBP
3834,fear,1,JJ
3835,endin',1,IN
3836,despite,1,IN
3837,challenge,1,NN
3838,difficult,1,JJ
3839,somedays,1,NNS
3840,works,1,VBZ
3841,gravity,1,NN
3842,grounded,1,VBD
3843,waves,1,NNS
3844,poring,1,VBG
3845,dramatic,1,JJ
3846,bathtub,1,NN
3847,cryin',1,NN
3848,sinking,1,NN
3849,bubbles,1,NNS
3850,backrub,1,VBP
3851,loathe,1,NN
3852,romancing,1,VBG
3853,itself,1,PRP
3854,damned,1,JJ
3855,dancin',1,NN
3856,sla,1,JJ
3857,eyelids,1,NNS
3858,compostable,1,JJ
3859,cups,1,NNS
3860,penny,1,VBP
3861,i-i,1,JJ
3862,boogie,1,NN
3863,stays,1,VBZ
3864,freshless,1,JJ
3865,homestretch,1,NN
3866,luck,1,NN
3867,although,1,IN
3868,wolves,1,NNS
3869,peal,1,VBP
3870,stash,1,JJ
3871,harder,1,NN
3872,dwayne,1,NN
3873,arm,1,NN
3874,rim,1,NN
3875,vince,1,NN
3876,aaliyah,1,JJ
3877,whips,1,VBZ
3878,key-less,1,JJ
3879,compton,1,NN
3880,hah,1,NN
3881,pouch,1,JJ
3882,chances,1,NNS
3883,plain,1,VBP
3884,landing,1,JJ
3885,strip,1,NN
3886,president,1,NN
3887,candidate,1,NN
3888,zimmerman,1,NNP
3889,crisco,1,VBZ
3890,wealthy,1,JJ
3891,controllin',1,NN
3892,tats,1,NNS
3893,veins,1,NNS
3894,bleed,1,VBP
3895,bourbon,1,NN
3896,flows,1,VBZ
3897,dry,1,NN
3898,added,1,VBD
3899,routes,1,NNS
3900,goods,1,NNS
3901,mimosa-sa,1,JJ
3902,phony,1,JJ
3903,"""beat",1,NN
3904,photoshoppin',1,NN
3905,adobe,1,NN
3906,panini,1,NN
3907,hustler,1,NN
3908,howdy,1,NN
3909,headed,1,VBD
3910,add,1,JJ
3911,amount,1,NN
3912,bling,1,VBG
3913,roof,1,JJ
3914,blackanese,1,JJ
3915,louie,1,NN
3916,duffel,1,NN
3917,mulah,1,NN
3918,poochie,1,NN
3919,exclusive,1,JJ
3920,spinnin',1,NN
3921,faithful,1,JJ
3922,showin',1,NN
3923,grateful,1,JJ
3924,danger,1,NN
3925,colossal,1,NN
3926,tropical,1,JJ
3927,impeccable,1,JJ
3928,federal,1,JJ
3929,vegetables,1,NNS
3930,treacherous,1,JJ
3931,tangible,1,JJ
3932,wearin',1,NN
3933,probation,1,NN
3934,revoked,1,VBD
3935,publicity,1,NN
3936,stunt,1,NN
3937,wastin',1,NN
3938,designed,1,VBN
3939,shorties,1,NNS
3940,tie,1,VBP
3941,brother's,1,JJ
3942,petal,1,JJ
3943,mistakin',1,NN
3944,creep,1,JJ
3945,stayin,1,NN
3946,toosie,1,NN
3947,spun,1,VBD
3948,their,1,PRP$
3949,there'll,1,NN
3950,summertime,1,NN
3951,describe,1,NN
3952,afford,1,NN
3953,chubbs'll,1,NN
3954,himself,1,PRP
3955,yolo,1,VBP
3956,guarantee,1,NN
3957,truth'll,1,NN
3958,revealed,1,VBD
3959,gloves,1,NNS
3960,'faction,1,NNP
3961,southside,1,RB
3962,phantom,1,VBZ
3963,debit,1,NN
3964,liquid,1,JJ
3965,aquafina,1,NN
3966,perform,1,NN
3967,thoroughbred,1,VBD
3968,text,1,JJ
3969,coco,1,NN
3970,butterfly,1,NN
3971,four-door,1,JJ
3972,cotton,1,NN
3973,candy,1,NN
3974,kansas,1,NNS
3975,mindin',1,VBP
3976,'fit,1,JJ
3977,iron,1,NN
3978,'nother,1,POS
3979,surfin',1,NN
3980,spillin',1,NN
3981,shittin',1,NN
3982,kilos,1,NN
3983,outer,1,NN
3984,pics,1,NNS
3985,condo,1,VBP
3986,seventeen,1,JJ
3987,adderall,1,JJ
3988,gasoline,1,NN
3989,hatians,1,NNS
3990,pokin’,1,VBP
3991,registration,1,NN
3992,celine,1,NN
3993,doctor,1,NN
3994,actin’,1,NN
3995,microwave,1,VBP
3996,dope,1,NN
3997,promethazian,1,JJ
3998,boost,1,NN
3999,self-esteem,1,JJ
4000,levi,1,NN
4001,ambitious,1,JJ
4002,misfit,1,NN
4003,seven-figure,1,JJ
4004,endorsements,1,NNS
4005,daily,1,JJ
4006,faucet,1,JJ
4007,elastic,1,JJ
4008,basket,1,NN
4009,"""bro",1,NNP
4010,"crazy""",1,NN
4011,"""hell",1,NNP
4012,"yeah""",1,NNP
4013,reportin',1,NN
4014,believin',1,VBD
4015,doot-doot-doot,1,JJ
4016,grammys,1,NN
4017,nominated,1,VBN
4018,jungle,1,NN
4019,conquered,1,VBN
4020,mission,1,NN
4021,chapo,1,NN
4022,vato,1,NN
4023,mil',1,NN
4024,ticket,1,NN
4025,murders,1,NNS
4026,convertibles,1,NNS
4027,ashy,1,VBP
4028,mother,1,NN
4029,sickle,1,NN
4030,suffer,1,VBP
4031,flexed,1,VBN
4032,cartier,1,JJR
4033,bloomer,1,NN
4034,invisible,1,JJ
4035,huggin',1,NN
4036,book,1,NN
4037,eighty,1,NN
4038,rzr,1,NN
4039,swap,1,NN
4040,two-fifty,1,JJ
4041,useless,1,JJ
4042,pole,1,NN
4043,unload,1,JJ
4044,vogue,1,NN
4045,one-stop,1,JJ
4046,choppin',1,NN
4047,shorty,1,NN
4048,perc',1,NN
4049,crêpes,1,NNS
4050,grapes,1,NNS
4051,cashed,1,VBD
4052,babes,1,NNS
4053,'kay,1,POS
4054,cactus,1,NN
4055,tan,1,NN
4056,gs,1,NN
4057,fillin',1,NN
4058,ski,1,JJ
4059,balenciaga,1,NN
4060,runners,1,NNS
4061,anaconda,1,VBP
4062,condom,1,JJ
4063,ganja,1,JJ
4064,drive-bys,1,JJ
4065,caution,1,NN
4066,hawk,1,NN
4067,roddy,1,NN
4068,ricch,1,NN
4069,j's,1,NN
4070,soda,1,NN
4071,motorola,1,NN
4072,backflip,1,NN
4073,berries,1,NNS
4074,wonderful,1,VBP
4075,june,1,NN
4076,washed,1,VBN
4077,muha,1,NN
4078,jock,1,NN
4079,vick,1,NN
4080,sock,1,NN
4081,excuse,1,NN
4082,french,1,JJ
4083,limo,1,NN
4084,tinted,1,VBD
4085,two-tone,1,JJ
4086,slut,1,NN
4087,bye,1,NN
4088,shove,1,VB
4089,courtside,1,JJ
4090,tickets,1,NNS
4091,smellin',1,VBP
4092,wock',1,JJ
4093,ghini,1,NN
4094,varsity,1,NN
4095,detroit,1,JJ
4096,commission,1,NN
4097,flashers,1,NNS
4098,follow,1,VBP
4099,tiger,1,NN
4100,thru,1,NN
4101,pickup,1,NN
4102,'vette,1,POS
4103,dt,1,NN
4104,highball,1,NN
4105,dg,1,NN
4106,papers,1,NNS
4107,marquise,1,VBP
4108,zone,1,CD
4109,friendzone,1,NN
4110,intro,1,NN
4111,tempo,1,NN
4112,'ville,1,CD
4113,eating,1,VBG
4114,fettuccine,1,NN
4115,vincenzo's,1,NN
4116,'migos,1,POS
4117,coast,1,NN
4118,pre-rolls,1,NNS
4119,pre-roll,1,NN
4120,haired,1,VBD
4121,shego,1,JJ
4122,hometown,1,JJ
4123,hero,1,NN
4124,stroke,1,VBD
4125,"throat""",1,NNS
4126,certified,1,VBN
4127,learnin',1,JJ
4128,spending,1,NN
4129,sam's,1,VBD
4130,cha-ching,1,JJ
4131,ma'am,1,NN
4132,cam,1,NN
4133,diss,1,JJ
4134,fan,1,NN
4135,resentment,1,NN
4136,expressions,1,NNS
4137,discouraged,1,VBD
4138,connection,1,NN
4139,stretching,1,VBG
4140,advice,1,NN
4141,reflections,1,NNS
4142,lesson,1,VBP
4143,evolvin',1,RB
4144,depressing,1,VBG
4145,basketball,1,NN
4146,cardinals,1,NNS
4147,cherish,1,JJ
4148,protection,1,NN
4149,career,1,NN
4150,invested,1,VBN
4151,obsession,1,NN
4152,relaxin',1,NN
4153,pg,1,JJ
4154,traction,1,NN
4155,venue,1,NN
4156,accent,1,NN
4157,bb,1,NN
4158,belt,1,NN
4159,unfastened,1,JJ
4160,distraction,1,NN
4161,latin,1,JJ
4162,patent,1,NN
4163,satin,1,NN
4164,tuned,1,VBD
4165,we’re,1,JJ
4166,ni-nights,1,NNS
4167,keeping,1,VBG
4168,blinds,1,NNS
4169,closed,1,VBD
4170,nightfall”,1,RB
4171,uh-na-na,1,JJ
4172,i’mma,1,NN
4173,pongo,1,NN
4174,miedo,1,NN
4175,vivir,1,NN
4176,algo,1,NN
4177,diferente,1,NN
4178,ganas,1,NNS
4179,equivocan,1,JJ
4180,tu,1,NN
4181,lengua,1,RBR
4182,vive,1,JJ
4183,suave,1,NN
4184,salvaje,1,NN
4185,un,1,JJ
4186,gusta,1,NN
4187,esto,1,NN
4188,prohibido,1,NN
4189,dame,1,NN
4190,señal,1,JJ
4191,-chaba',1,NNP
4192,ningún,1,NN
4193,baboso,1,NN
4194,pegue,1,NN
4195,disco,1,NN
4196,prende,1,NN
4197,cuando,1,NN
4198,llegue,1,NN
4199,hombres,1,VBZ
4200,hobby,1,JJ
4201,malcriá',1,NN
4202,nairobi,1,JJ
4203,ve',1,NN
4204,bebiendo,1,NN
4205,botella,1,NN
4206,nene',1,JJ
4207,nena',1,JJ
4208,quieren,1,NNS
4209,má',1,VBP
4210,veinte,1,JJ
4211,enseño,1,FW
4212,cédula,1,NN
4213,ajá,1,NN
4214,del,1,NN
4215,incrédula,1,NN
4216,soltera,1,NN
4217,pusiera,1,NN
4218,moda,1,NN
4219,cree,1,VBP
4220,desde,1,NN
4221,"""amorfoda""",1,NNP
4222,sabe,1,NN
4223,todas,1,NN
4224,trepa,1,JJ
4225,mesa,1,NN
4226,jodan,1,NN
4227,quita,1,JJ
4228,¡no!,1,NNP
4229,fuma,1,NN
4230,bellaquita,1,NN
4231,necesita,1,JJ
4232,por,1,NN
4233,solita,1,NN
4234,amiga,1,NN
4235,problemática,1,NN
4236,otra,1,JJ
4237,casi,1,NN
4238,habla,1,NN
4239,tre',1,NN
4240,una',1,JJ
4241,diabla',1,NN
4242,prr,1,NN
4243,hoy,1,NN
4244,puso,1,NN
4245,minifalda,1,NN
4246,phillie',1,IN
4247,vuitton,1,NN
4248,guarda,1,NN
4249,borracha,1,NN
4250,importa,1,NN
4251,hoo,1,NN
4252,despué',1,NN
4253,doce,1,NN
4254,comporta,1,NN
4255,loco,1,NN
4256,¿pero,1,NNP
4257,cuándo,1,NN
4258,dije,1,NN
4259,eso,1,NN
4260,nunca,1,JJ
4261,picha'o,1,NN
4262,ay,1,NN
4263,dio',1,NN
